00659bff-a189-49cf-9040-83cde18a88ad,D,D,E
01ca7222-6fd6-4aea-8d84-d97a8c4c319a,D,D,E
05ef5bf9-16d7-497c-b5f3-67edaf0ac6d0,P,D,P,D,D,E
06f36d81-fbf9-4701-ab00-888e7f0a4369,P,P,P,H,E
0996f00f-1c0e-4d23-9eb5-20bda7399fc7,D,C,E
11e0ed7d-fc4d-49e5-8b30-873faa23ce51,D,P,P,D,D,D,D,D,D,P,D,P,P,E
162834c6-3ec8-4d72-b77f-e937b4163ae1,P,D,E
171a9f0f-de09-44c5-bd7a-c575f708dadb,D,D,D,D,D,D,D,E
178d1e0e-0492-4255-88e1-5ae14ac7d52d,P,P,E
2449da89-ab61-4ffc-be6d-8fa858397560,P,P,P,E
2482c833-2a4a-4cc4-8881-b06dd3f5fbfb,D,D,D,D,E
2f347a97-f286-48ff-ae3c-ec61efef1bcc,P,D,P,E
306bfade-ad31-4dd3-b1c7-3896fc5867a3,D,D,D,E
35174a2e-35c8-4b52-8f3e-9c6d1b8d9e04,P,D,D,D,D,D,P,D,D,E
39076371-383d-45b6-923d-ffb712bdc921,P,D,E
3e990bd9-e2f9-4d3c-970e-016ba7146fea,D,P,D,P,P,D,E
4689514c-08ab-4bd2-8dc9-6ba8db5192cf,H,P,P,D,P,E
5a3d006d-cf69-400a-8b46-26d82b6accc5,D,D,D,E
5d01672c-6a0e-4b0e-ac76-85742ca4d967,H,P,P,D,P,P,P,E
605ce5a8-a29b-4388-91a4-afecb9bc6867,P,D,E
60ca1805-0965-4176-a3a4-bbc7c4cd5355,D,D,D,R,P,D,P,D,D,E
60ca4395-1456-4469-9549-77935f802dfa,P,D,D,E
61d592f2-6ff0-4cd3-8b90-49e0c691307e,U,U,U,U,D,I,D,P,P,C,E
63b69795-d648-4f40-bf63-cbc58fbb1556,P,D,P,D,P,D,P,D,E
69fe654e-1add-4255-873a-500c6f4b5c60,D,B,X,Y,E
6bd85dea-9c00-4558-9b9e-be22aab9f549,D,D,E
718ec2ea-a1be-41dd-9547-0f1a6998ca92,P,D,P,D,P,E
7524fc9f-b4c0-4e42-8001-436e78ceccb7,P,D,B,X,E
767a1dcd-de5b-431f-9f1b-c0b7c8ee33cd,I,P,P,D,H,E
7eb36610-53c1-466b-9844-d9de493278ff,P,P,P,P,D,P,P,P,P,D,E
86374805-90b7-4d10-89df-bc81631c0f68,D,B,X,E
89fd3240-6459-41ed-b9fa-9c12cecf1973,D,D,E
8af574b6-0ad5-478f-bb3c-8b3ace4c723a,I,I,E
8f95c9b3-c099-4358-a557-091b6ba2459b,D,D,E
976b16da-ee58-4128-85a0-8f0f9f61cbfc,P,P,D,P,D,P,D,B,D,P,D,P,H,P,P,R,D,H,P,D,P,D,P,D,P,D,E
99854ad7-33fa-4ab3-9709-ff57d7a9bc83,D,D,D,E
9e31978f-0445-4866-b044-ca626179354a,D,P,P,C,D,E
a1294dec-b812-4097-83cf-37659eba61a4,H,P,E
a4ed7365-b8dc-434d-b8b5-126e87daa5b5,P,D,P,D,P,D,P,E
aa0e5d67-6450-4716-925e-f3292f82a630,H,I,I,E
ad4cd9cc-435b-4524-9625-7ad71705592f,H,P,D,E
bca53337-c6f8-4dab-879e-5891f6d8ae0f,H,P,D,P,P,P,D,P,D,R,D,R,D,E
be2bd4d2-5423-4eff-ab20-adad7f08e7e2,D,P,U,I,U,P,P,D,C,C,R,D,D,D,P,P,P,P,P,D,D,E
c0f86317-ab0c-415b-a2f9-464c08d74885,P,P,E
d3b5a0d6-6a67-42f4-9b0e-5be022a39618,D,U,U,I,U,I,I,E
d504af1c-3baa-42b8-8b43-d228d16a59cb,P,D,P,E
dccec675-6d40-40e1-9268-969afd72f2c2,B,R,B,E
e935c1e4-06a0-47e4-8cbc-0500f64d1e1d,D,P,P,D,D,D,P,D,P,D,P,C,D,P,D,C,X,Y,E
ed9ee1f8-8598-42a9-aa17-acbb3312afef,P,P,P,P,P,P,P,P,P,E
f37e7ce1-0461-4137-9002-3b1a573e778c,D,R,D,R,D,R,D,E
f9388c14-af65-41e1-b9ba-96a0184b23f6,D,D,E
f988c6fa-0c63-4cd0-877f-28bfac0983a8,P,D,P,P,C,D,B,X,H,X,R,H,P,X,Y,P,R,P,D,P,C,D,R,P,P,D,E
fa3a8072-6874-435d-8ecc-aab20e9c3f96,A,A,E
fbc439ec-e2ff-42f8-9f97-64a0bb74e88a,P,D,P,E
fe7de006-da66-4e59-ad42-1ce7f4b62923,H,P,P,S,S,S,D,S,P,P,P,S,P,P,H,E
00906d23-2d0e-4977-8dbe-8fa1a18caf49,P,D,P,D,P,D,P,D,P,D,P,D,P,D,P,D,P,E
0199a22e-e90b-4390-b76a-935dac3a9c1a,C,D,E
025b9e5d-b114-480b-a647-5c810a4c7cbf,D,D,D,E
1da6e8dc-b7de-42c3-b426-a40f5d7497fb,P,D,E
2349a2b0-87cf-41ad-83c7-c82ff26be19f,P,D,I,I,I,P,E
26c43ddc-dbc5-4645-9fec-54aff12acf4f,P,D,P,E
2a2a8064-0d82-4e4b-ba65-90fb04059d76,D,D,E
47dbb953-5f57-4b38-b3b8-00a516d21dfd,P,P,P,D,B,X,P,D,D,E
4c963abb-dc8e-4ea7-8d95-25e1c10f0441,H,P,D,P,P,D,B,X,I,I,E
590696ee-e6c9-4091-9fc8-9e36ab134b7e,P,D,I,D,D,D,E
59f187ec-2362-477d-a41a-390013ad5717,H,P,P,P,P,D,P,P,H,P,P,A,P,D,E
5c496788-4ba3-41b3-b8ee-9ce8d4115d94,P,D,C,P,D,B,H,B,D,D,P,D,B,B,H,P,P,P,D,P,D,P,D,B,X,R,P,D,D,B,B,X,E
6835ae63-f51e-4a95-a8a9-5370f0e584a8,P,D,P,D,P,E
6a7b5ccb-6ae9-45ed-8cee-c638021e4886,D,D,D,B,X,Y,E
6c057405-9ea5-47c8-8e55-afe36c92739b,D,D,E
6e38c037-ef56-4a37-9cc3-6f9c68f1e8b8,P,D,P,D,P,E
712a105b-b32b-468e-9d0c-b9c35bf05be4,D,P,P,P,D,X,E
732b4942-d194-4fb1-9eb8-d3876e5fd472,H,P,R,P,E
73ae97c3-6bd3-4760-97c6-cf02dcdb63d2,D,D,E
7c62a856-a8ba-48bf-932c-61b031e9e717,D,C,E
7f5501d3-c067-40a0-9a96-b26756571201,P,P,D,R,D,E
82cf2809-5994-4ba9-a34d-f1072ee33221,P,D,P,D,P,D,P,D,P,D,P,D,P,D,P,D,P,D,P,E
846ef56c-7c21-487a-933d-286cc916df6d,P,P,D,B,X,R,X,E
84e6face-d919-42fd-9a86-05bda2329814,D,D,E
8f2c82ea-6306-4570-a521-cac2f78e0d09,D,P,A,C,C,P,D,P,D,P,E
972822a3-f72c-4058-8a11-1b2c26fee840,P,P,C,P,D,P,D,P,P,D,E
97987dd5-9bc8-4658-accb-091c40fb8d26,P,D,P,D,P,D,P,I,D,I,A,C,A,C,P,P,D,P,P,D,D,P,D,P,P,B,P,D,C,D,C,D,C,D,I,D,E
98608e23-8da1-492b-a69b-cce0e8e74066,D,D,D,E
9c246382-28dc-40f2-8ccf-8869e5c19a59,D,D,E
9d27b33d-fe35-4d4f-8ac8-15d8673eb1dc,P,D,P,D,P,P,P,E
9f8a6a7a-3f66-47f9-914a-e81aaa891cb3,P,D,P,E
a429189c-5e20-474a-aaf1-8faabb24469c,P,D,P,D,B,X,B,B,B,H,B,R,P,E
ae1716ca-daf9-4c1b-8cbc-1155cd495559,P,D,P,D,P,E
b0902e19-9846-4f3d-94ba-0d117c270479,D,P,P,R,P,E
b2bd124b-9840-4a3c-8fdd-13e372464f0a,I,H,P,P,D,D,P,P,H,P,H,U,U,U,U,I,U,U,U,U,P,P,P,P,P,B,P,E
b34003f5-72a2-45c2-861c-4138926b4071,H,P,D,E
b86a0cd3-6a0c-4475-be1a-77b761cb2912,P,D,E
bc544573-4f70-424a-a67e-c9dac707ce7f,P,D,P,D,X,H,X,P,E
bf4f6b86-2358-47ec-823f-b14475233d23,P,D,P,D,P,P,D,P,P,P,D,P,D,X,U,U,U,U,U,X,E
cdfad737-ce52-4f9a-8126-92ec54438e22,D,D,E
ce7c4504-266d-4a25-baea-a73836615083,D,D,D,D,E
d257b445-479b-4220-ab7a-9968bfacd3ff,P,D,P,D,P,P,P,C,D,B,X,Y,U,U,U,U,A,P,D,R,D,U,U,U,D,U,U,R,U,A,U,P,C,D,R,D,R,D,U,U,E
d3b19d49-e157-4cd6-8818-ca22c557be27,D,D,E
d47debc8-c3f5-4c10-944d-659d408b2ff8,D,D,E
d643652d-ebf3-4029-9715-e60c9d2847d0,P,P,S,E
dc1dfe32-0d72-4a09-9563-a1b9afa90117,H,P,D,P,D,C,D,X,R,Y,E
dc765dc3-2a8b-4675-bb19-a181ec07a512,P,D,E
e0a2971d-1269-4fcb-ae1c-646f342ab9ca,D,B,X,Y,R,X,E
e90c4556-aec1-40dc-aed3-c15124b87aac,D,D,E
ec741e68-573e-42c3-a5cc-ce09f3aa8971,D,D,E
f814e364-3f09-4cbe-b30a-f6ba670c413d,P,D,P,P,D,P,D,D,E
f938ed05-d7b4-4f27-8562-35ea232c69bb,D,D,E
fed66965-584c-4252-a07c-a1375daaa195,D,I,D,D,E
0712a67b-bcf8-4795-a8cd-d3e11a2e9ec2,D,D,E
0a87413c-53b4-4fdd-9a50-8e9db04b8375,D,I,E
10dc2520-9405-4750-9684-0819919f6b4d,P,P,E
10f9d9bd-7173-4471-82fc-73b4f7af607e,D,D,E
15248c80-02fd-4cfd-b98d-d2ae140b40cd,D,D,E
17d01860-a4c6-4f7b-a8c3-5dc850d79c86,D,D,E
275c97a3-82bd-407a-b0a2-0ba16a10cd8e,D,I,D,I,D,I,I,I,E
292b9d98-8453-415b-97c1-c99b6e517812,D,D,E
2bd6e995-2e72-49e2-8dbc-9360502f56c1,D,D,E
30a6bacf-2616-4709-b54f-c63b3c69aab9,D,D,E
366ce276-5a20-41ee-a96b-2583bbf3da33,D,D,E
3b6842b8-3b43-4d0e-a680-fe06a1e313bf,D,D,E
3ff14e48-528c-4f97-9a67-c0d18ca36ded,D,D,E
6156731d-b822-4434-b1e0-a8d938b72af2,P,D,E
62618b67-f23d-4bc0-874a-6f5b4a4f101e,D,D,E
664d4e71-390a-4845-a54b-a82e773b03e2,D,D,E
6657ecd6-5d50-4b0c-b134-60250485f01d,D,D,P,E
677723bf-bb38-4e74-a203-b71a983c4632,D,D,E
68f2dd38-14f6-4b71-a710-0a46d4291089,D,D,E
6cfd465f-6b96-4ab9-90e8-fef816325a56,D,D,E
74e8bdca-b997-46cc-a441-d9d17a40ad24,D,D,E
7638a886-bbe4-437f-9390-c9a662dae79d,D,R,D,R,P,P,E
84b1d68b-71bb-4a1c-b676-558954d00550,D,D,R,D,E
85337fcf-a3f9-48d7-a9a2-497b24bd76c6,D,D,E
93abeece-6a01-4019-8173-29acef6f7470,D,P,D,P,D,P,E
9d509d98-91a5-4edf-8f9b-0f2c124e7541,P,D,B,X,P,H,P,D,A,P,P,C,D,B,B,X,H,C,H,D,H,X,E
9d5be266-73aa-4056-8a35-8a8e88a580f1,D,D,D,D,E
a438506a-9803-4443-8718-5804ded78f3d,D,D,D,D,E
a69ac7db-06f6-4418-80c4-fc959f5173c1,C,P,D,P,D,P,E
b078928c-8abb-44cf-996c-6dd51d094787,D,C,E
b604cf31-27c6-4ed9-8814-b028eab10da5,D,P,E
c2d03dcd-dccb-4b99-81c8-a13347ce80dc,D,R,D,E
c55b6ab2-fb51-4d0a-aaf6-bc6609c7ff92,P,D,B,X,E
cff67f43-387f-4b59-aef8-8313dcf7a7ca,H,R,H,E
d5248e01-06e8-4d67-87d4-63f284a479aa,D,D,R,D,E
d558d9b3-ac68-4ca9-9cde-b82bb29456f3,D,D,D,D,D,D,D,D,D,D,C,D,C,D,D,E
e3b64bd2-7031-4e14-bd3c-ef799dbd299b,D,D,E
e3fbed41-153f-4d96-ae0f-5b096a5c7c6a,D,P,D,E
e78b752a-1299-46d8-a7cf-58aa62112198,D,D,R,D,E
05bc8977-4c8b-436d-be5c-79a3d1662824,C,D,P,P,E
17f4abdc-1ba6-4a33-9fa7-ac0ff73b0db4,D,P,E
193af335-1ccc-40bf-a0be-66e9dc52546e,D,D,D,D,E
226d8af0-57fc-48e3-aa8f-3410329e6bc5,P,D,B,X,E
266d8bc5-01b9-47fb-95c1-03ed7c7e71b8,I,D,E
2ac900ce-9cd6-4544-b41c-83a91c2b43d6,D,D,E
35f8d2e8-15b8-4232-a8ad-001783a0bec0,D,D,D,D,E
36437f3b-d964-48be-92d1-abbb04b2fa2d,P,D,P,D,E
36625bb2-4f3a-4744-bc7c-179b47cfbf7c,D,D,D,E
38686fc9-2bff-4cd5-8318-7ff26ebcec98,P,D,B,D,D,E
391e1805-3d9c-4b28-aae5-c043e97d1059,D,D,E
39a7c383-ce77-4254-baa9-669320f5b1fe,P,P,E
413cbf1d-fca0-43cb-bb6f-6d92f335d546,P,P,P,P,P,R,P,E
4f815b03-27b9-499d-b3c2-3d2f6bb15dec,D,D,D,D,R,H,P,P,P,C,I,B,P,H,C,D,D,E
541ff0fa-4b7c-4f9c-9ffb-a505e61c2c49,D,B,B,H,P,D,B,X,Y,E
5d72d04e-de01-48c6-8e16-21163081741e,D,D,D,B,D,B,B,D,E
6b42adcb-ebd0-44d7-9756-7821f0e48a18,P,P,P,P,P,S,S,P,E
6eb33e78-8888-4fbf-9cee-b12d38d2f640,P,D,P,D,P,D,P,D,P,D,H,X,D,X,Y,E
6f58e92c-8802-4fe3-bc07-69aa4621ec2b,D,P,D,P,D,P,D,P,P,E
6fd01452-f633-40b1-9465-c73fcb891c08,D,D,E
7940da88-a781-489b-a37c-6d5886afe036,P,D,E
7d8f96a4-fe68-4ff3-81e7-babec546eb22,P,D,P,D,P,D,P,E
8962b014-b518-444a-8830-063f8455b848,D,D,D,E
901eb17e-7ad6-4195-883d-14a11f609210,D,D,D,D,E
987aed88-55f5-4fc1-aa3d-2f73d2b79049,D,D,E
99732685-48b7-40f3-9825-e73c0b422e87,P,P,E
9f700f60-7d1f-42e6-bbae-7f1366232b1d,D,P,D,D,E
a25be72b-db23-4578-a277-fd6fd6f17584,P,P,A,I,P,P,P,P,D,P,C,D,D,E
a513c8df-748e-48c2-b877-f2ff49fcf8a8,H,P,E
aa6d0c40-bcd1-4aa0-9407-37198e65bf8f,P,D,D,D,E
acd031b7-3a82-4025-a2b9-3eaa94dcc11b,D,D,E
ae301b71-a439-4aef-ae97-2444ac3607c8,D,D,E
b6920291-56bf-40eb-b925-fffd338b19e9,P,P,P,P,D,P,D,P,D,D,P,A,C,C,D,C,D,D,D,C,D,C,D,B,B,E
bf45e148-9047-42ba-add0-384ff8bdacf2,P,D,D,D,D,P,P,D,D,P,D,P,D,D,R,D,R,D,E
c3ffbf12-1791-48e7-914a-0b4085e63a19,D,D,B,I,X,Y,E
c505202f-f58a-4441-8a10-c269ce941ce2,P,P,P,D,E
d0c71496-58cc-4a1c-aaf4-b3468b4eb824,D,B,X,Y,R,Y,E
d383e6a5-58a6-4640-b30c-ae0b2d99a780,D,D,D,E
e1cafb7a-3ff3-410e-b469-7059137882ed,P,D,P,E
fae88a01-cbc4-4f6e-ba4c-d6b658ba50fb,D,D,E
ffc89545-da3a-4ecb-9a78-ba1e5500d193,D,D,E
03001fe6-7b1d-417f-9f30-2e14157a43cf,P,D,P,D,P,P,X,E
048e016a-dfc0-4775-8765-3a4c03249eee,D,D,E
084d07e9-9758-489b-9409-18ef035cd3f2,D,D,E
10b73b4e-2e7e-41b3-9604-ad18863cf03e,P,D,P,D,E
1148ecf9-11ab-48f2-bbec-83446c51f2f5,Y,R,E
16b84e8b-dfd4-40fe-a94e-3a82303ae770,P,D,P,P,E
17209635-23da-4694-9637-9c8aeef5cd09,P,D,P,D,P,X,Y,E
1c406cbe-b5e3-4cf9-94e6-63827ba3dce9,D,D,E
1f3562c5-4ed6-4523-bec2-91126e713bd6,D,C,D,E
2047fbe3-0a34-476e-8d8a-845e9840dc2a,D,D,E
230298a3-c9a0-48b7-95c2-4e930f0921da,D,D,E
32ca29bd-cd5a-419d-8a31-a6ecc96a0bc5,P,D,P,E
33bda1cd-8c2d-4edc-8f1d-17365d09d2c4,P,D,P,D,E
36f207b7-d69c-49f3-b7fd-e30fbb9511d9,D,D,E
56ae1005-219b-4d50-a9f6-a0fe6274588a,D,D,E
57a17473-68d2-48de-8c10-3ef73d244628,P,D,P,D,P,D,E
57f86ebc-ba4a-4981-bdf8-c423553aa99d,B,X,D,D,E
5db36c95-05ea-44c4-ae9e-8f77d9806f45,P,P,D,E
5fb5449b-d5aa-43cd-b214-b0e3339a36f7,D,D,E
5fd2166b-006b-4582-81bd-706a8dcca263,P,D,I,D,R,P,D,P,D,P,D,R,P,D,P,D,P,D,D,B,X,B,P,D,X,B,B,P,D,E
66f0cabe-a1e8-4550-b5a6-1aedf2e1a9da,D,D,E
686d8521-3249-4bee-8aad-89d65e177e3c,P,D,P,P,D,P,D,B,X,D,P,D,P,D,P,D,P,D,P,P,E
6a1f68c1-9cc7-4310-951a-572f200df549,P,D,P,E
6a38dcec-795e-42cb-97ed-d3301a265f09,D,D,P,D,E
76a545e5-6e01-4b00-9e7c-3f66aa3ed9a9,D,C,E
81b33524-03e0-46ea-8c96-7a606898bb1b,D,D,D,E
863f5401-cd8b-4ed6-b66d-47c301e087bf,D,D,E
87548728-b2e6-4714-8ffa-9a1dc3fb899f,D,I,D,E
87b95795-987a-4e23-92a2-640b7aa1b357,D,D,B,D,B,D,D,D,B,E
8801b677-fb23-4c87-8054-4425173dc8ce,P,D,D,P,P,D,P,D,P,P,D,E
9108f7bb-717c-476a-888e-f388a45e2823,D,D,E
9a78e3a9-2ba2-45ed-89b1-e393de507eed,P,H,E
a11d369c-3c46-461f-84f0-0c3773898a19,D,P,A,D,D,D,X,B,B,E
a13ded24-23a1-447f-b02b-4885b4fbb77d,P,P,P,C,P,D,P,E
a1ef0ac6-cbfd-4a0f-b62a-72cf398a1bb7,D,D,D,E
a44978e2-ff3d-430c-b524-f8211822bf6d,D,P,P,P,E
a6f31e0d-e61a-495c-8531-cdb2b95f05e7,P,P,P,P,C,D,B,X,B,D,E
a8f39028-b533-4e53-8081-c51783287226,P,R,P,R,P,H,D,P,H,P,C,D,D,B,X,B,B,H,P,P,D,P,E
ae3dd586-010f-435c-8d26-5c167ca363d2,D,D,E
b18db194-8823-463a-a878-8eec7bf0e66c,H,P,P,D,P,D,P,D,D,D,P,D,D,D,H,P,D,P,D,D,D,P,D,D,B,X,B,X,B,X,Y,E
b1edc226-85bb-46c5-9f56-ddf8b812538b,D,D,D,D,D,E
ba8d46b8-ea22-45b1-88c8-662e59a469b6,D,D,E
c0bd47ac-9077-48c4-81e6-284288027170,H,P,P,D,P,D,C,D,P,E
c189e331-cfdd-4fd4-92c4-7e5b02c06c11,P,D,P,E
c7930650-0a44-4ff1-910d-fbd5d6a4e9bd,D,P,E
d2ba1696-f94a-42a5-b9df-188a00aba35d,D,D,E
daece19c-c285-4fdf-8259-78829f546110,D,D,E
de560cd8-2f68-4827-90ab-9182653b9599,D,D,D,D,E
df426113-0a40-4053-a463-b5a3ff25455f,H,P,P,P,D,P,P,P,D,D,B,R,B,R,H,B,B,X,E
e395877a-1d51-419f-98e2-0f50485ac062,D,D,D,D,E
e5f7c75a-fe16-4421-a6c9-8278e5aa8532,P,D,P,D,P,E
ec5880e1-8d7f-4090-95bc-4d86cd2758db,P,R,P,E
ef2d3981-483b-4025-85fd-a881424753c2,D,D,E
f3dae53a-9d16-4c67-a41f-3968c4e89bf5,D,R,D,R,D,E
f57e7c4d-4e5b-490f-bb75-3e7c888b502f,P,D,P,P,P,P,P,D,P,D,P,P,P,D,P,P,P,P,P,P,P,P,D,B,X,B,D,P,P,P,E
f79f5a19-a0d5-4b0b-98ba-a7fc9415a471,D,D,E
f837655f-74ee-453d-8d44-ee99f7b7257f,P,D,P,D,R,P,E
03c3426e-3219-4fe3-82e8-c04b08a8d3c2,H,I,P,I,E
059bc944-4ef3-48f8-ad7f-b6a0f5291971,H,I,P,P,D,P,D,P,E
06961b70-187e-49a9-acc3-12bd444671e4,H,P,D,B,X,B,P,H,I,H,P,E
0add4cb6-de96-4fa7-a043-3c6fe4027f61,D,B,X,B,D,P,E
0c780d7b-ef47-46a3-86c8-450598adf6d4,D,D,E
0db456af-a814-4c2f-84aa-d26da515c0dc,P,P,P,P,E
0ff5200f-6a6a-40fd-9b01-8f28bf04b07b,D,D,E
110117c6-668e-4f7f-8a55-b85b2ecf6131,P,D,P,E
114517d7-91c0-4413-8edf-5dd5357bd5d7,H,P,P,P,P,D,P,R,P,E
11f91e1a-31d4-4ac7-8c5b-8bef1ffbadde,D,D,E
139c1462-95f2-41eb-8ae6-4945b5bd5dda,P,D,E
31ef5170-69f7-430a-9e4c-cf761b737d69,P,D,P,P,D,P,D,P,P,D,C,E
32dba9ce-d9f9-4366-80ce-e93725f202d0,P,P,P,E
36484009-cc3a-416e-890b-20229955ea8b,D,D,E
442db667-22ea-4b1e-bfd5-f8df3fa079c3,I,H,I,U,I,H,P,P,H,I,H,E
4d645296-be06-4bd9-bc37-f412895fbb56,P,P,P,D,P,P,P,D,P,P,P,D,P,D,P,H,C,P,P,D,P,D,P,D,D,D,P,D,D,R,D,E
519f4240-e9bf-4be8-bb96-14d3c0e37b07,D,D,D,D,E
5222156e-3ea0-45eb-831f-3a9ba1326b36,P,D,P,D,X,R,D,P,D,P,D,B,B,B,X,E
530938f2-0ade-4369-ad7a-c6c9a2609574,D,D,X,Y,D,E
56929351-0096-4d37-a75e-f2886a91c397,P,D,E
57ea9a3c-7d15-4875-b3c1-5f25f5cc4f69,H,H,P,P,D,R,H,E
61d8a399-4b67-40ff-a393-017a63acdae2,D,D,E
649790d6-6f7c-419c-9fd9-a7d97b2be8f7,D,D,D,I,D,C,D,E
666145bf-a127-4e9b-9531-41c259082f90,P,D,H,B,H,H,P,X,E
69478d0c-a397-4c5e-b7bf-bd3ad9177a88,D,D,D,E
6c038365-66ec-4d24-b6e5-c3a55fff76a7,D,P,E
75bd3c75-0998-4d37-bd65-170fa076cf33,P,U,E
76dc4ebd-dd98-4030-8e75-c183c07a8ac7,P,D,B,D,P,P,D,I,I,B,X,I,X,Y,E
7d13649f-5b86-4ea8-b7b5-c81e7ec6622e,P,D,P,E
7e4de5df-9793-4dd3-ae63-8ea7038a65dc,H,P,E
828bab2f-69c8-49a4-b473-1ba5d546f34c,D,D,E
9b6b0343-8b13-43df-85de-653ddf241d26,D,D,E
9d44e91c-2aeb-4536-b511-57291109f17c,H,P,D,D,D,R,P,E
9d8947cf-2cae-44db-bb56-d3d6b566f5af,H,P,H,E
a322312d-c71b-4e15-bb1a-4c32a0892439,D,P,E
b44fc0ee-e01f-405a-a7b0-4dbab982030a,H,P,P,D,P,D,E
bce53f30-b3fa-4141-b842-b10181f5c2bc,P,D,R,H,P,D,E
bee7a904-bf32-400a-98e8-923fa38ef6b8,D,D,D,E
c791e7c1-1698-4616-b3f3-117270cfb246,D,D,D,E
c90d0994-f7c6-40ab-9f95-7fe451ec9c45,P,P,D,P,D,P,P,P,D,D,E
c9536986-8326-477e-8a06-664eb666bd9b,D,D,E
ccfcd929-4446-4086-b1fe-892eb1f11c00,D,R,D,E
d263e0f2-3296-4323-a9fd-f2f3ae2ec0d2,P,R,P,I,I,E
d34bef3c-7715-45fb-a38f-e66b6827c629,D,D,D,E
d4987ea1-1551-4e5a-ba1b-d7f6fba7ee09,H,P,H,P,H,P,E
e0a87c72-d480-45e8-a4ed-28e70880ecc3,D,C,E
e40522f9-cacf-4e3d-bea2-f3026e4ddf6a,D,D,E
e797a77d-bcb9-4e03-bcb0-f179a4285710,D,D,E
e857ff3c-b94a-42a6-87f3-85501c6c2406,D,D,D,D,E
ec9cdc45-b420-4dc8-a59d-1a036595727a,P,D,B,X,P,P,D,P,D,R,D,E
ef4911eb-300d-47f9-a147-07331392b327,D,D,D,E
ef4af6dc-72dc-46a5-8046-f31b1dbc12d5,P,P,E
f2923358-c330-40b5-aa41-d566c22f8223,D,D,E
f3018561-ad01-4af7-8b73-d783955b0719,P,D,P,D,X,D,P,E
f3f0394f-82de-4029-a803-5a06263c50b4,D,D,E
f81f3315-5bc5-41d9-a9b1-3d4ecad5eb82,P,I,E
07439028-1624-4ccf-8c4b-77c46d19955b,D,D,D,E
0a2709a7-c14d-4945-8a29-34162b09c9ef,P,P,E
0f26c434-c6e7-49a2-ada6-ccbde8a91239,P,D,C,E
1985af1f-a16d-492b-b45a-de091786b530,D,D,E
1b70f327-6a97-4c25-b5d5-19f8c5090892,H,P,H,P,H,P,D,D,P,D,B,X,P,P,D,C,D,B,B,B,X,E
22d17707-1518-4304-b8d4-a162cc5abbcc,P,P,D,P,E
2c371b0c-9da8-4368-aa6e-fefce2d520f0,D,D,D,D,D,P,D,P,D,P,E
30194e9a-4b6c-4424-a950-70bee527d380,P,D,D,D,P,D,B,B,D,X,Y,E
3062133b-09a1-41a1-ad8f-811742aff1f7,D,R,D,R,D,E
343fb661-09c7-45fe-b0df-7379c4d14b3e,D,D,E
3937255d-f66b-4ea2-9096-8d9eeb4eb46b,P,D,X,Y,U,L,U,U,U,U,U,R,D,I,P,D,U,U,U,U,U,P,H,E
457dff67-a436-477f-9e48-0d2b2650623d,P,D,P,D,E
4c9d99be-72e7-4e82-a70a-906c78ff54db,D,D,E
4f26e8ba-385d-4f25-81ef-0c167f298ad4,D,D,E
549310f1-8833-4936-a404-402be5a595c9,P,D,P,E
566988fa-ac1c-4535-9ecc-89e586c4d8dd,D,D,P,D,D,D,R,D,P,D,E
576ddb06-54a0-4a04-80d5-9f7a2ad6b38c,P,D,E
583e07c1-4a6a-4233-8790-261c7c187fb5,D,D,E
5c1fd817-4711-4904-80ff-0d24e601aef3,H,P,A,P,D,P,D,P,D,B,X,Y,E
629257ba-b826-4b3c-9767-337d5ac3d9b6,P,D,P,D,P,D,D,D,P,H,C,D,E
64a59bbe-c7af-4157-9b63-dd44d991ce20,D,D,P,E
6f1586c6-46ff-47d6-b17c-2678775fbefa,D,P,E
80a188bd-eabf-49e6-b162-94dc54defddc,D,D,E
8e6bf783-9de3-4c0b-be7a-897037264167,D,D,E
8fdebec3-b259-425d-8857-201b58752c84,D,P,D,B,X,I,E
93fd6d52-0a3a-4f05-ac14-7258fa1cedb0,D,D,P,E
9a680f6f-cd8f-440e-8f1c-05deefa9e11e,P,D,D,E
9a9cd97b-a262-40fa-923e-a82abab38be0,D,P,E
a18d7163-01c6-457e-8a51-08103c3c4d54,D,P,P,P,P,P,D,D,D,D,D,R,P,D,P,D,H,P,D,D,R,P,P,D,D,B,X,P,I,P,X,B,D,R,D,P,E
a5e43d05-f872-47c4-b0f5-957c0fdcfaaf,P,D,B,X,Y,B,H,E
a675cb47-3223-4301-900b-ae866499bce2,D,D,D,D,E
aec44ceb-f159-46dd-a8a4-1eb1d0143d80,P,D,P,D,D,P,P,P,E
b07619ce-bc0a-4c7c-870f-19283d87d867,H,P,P,P,H,P,E
b4b1e663-822b-492e-9e1c-44de26ac8e4f,D,D,E
b5541b51-f8c9-4a12-8423-921e378ef504,P,D,E
bb9980e0-323d-4799-85aa-efa0d7e6a0fa,D,D,E
bda6b9f0-67b4-4b97-aa43-4e1d7e0b79fe,D,D,D,E
cad61c9c-0162-4834-b023-7426bd7c4021,D,B,B,H,P,B,B,D,E
cad9db9f-a08b-48b9-8f90-f7232de3c7b8,D,D,D,E
cf6d528a-6823-4160-b52c-66ba7524629f,H,P,D,B,P,D,X,H,P,D,X,E
d4b3cd72-5dbb-4acd-b289-bc5a61c28907,D,D,E
d7b41cc7-0a6b-4f00-9454-92e1f52f4cfb,D,D,E
dfc27336-3218-4bf8-886e-43e14167e3d4,D,D,D,E
dfff78b4-3941-4533-aa8f-98c179ae3bc2,D,B,X,B,E
e2a73eb6-0799-411d-a4cb-4e7481042766,D,I,A,P,E
e409a2f5-802f-4975-a377-7ab0d31f2ae8,D,D,D,E
e423c7e0-ba79-42fc-9985-5dfd3f0bacbf,H,P,D,P,D,P,D,P,E
e6607c0d-37ad-4a2c-9ee5-7933a93fa0c5,D,D,E
e9f739a8-b02c-4981-b754-dd63a06ac36f,D,D,E
ec6a8507-e799-431c-9e98-fa80fbcd4d91,U,U,U,R,P,D,R,D,E
f92d9aad-d919-413f-b73d-5e111e807ae6,D,R,P,P,P,E
0686bbb3-877c-4eb3-b948-a812031c135f,P,D,P,D,P,E
0a79489e-99e0-4e53-925f-3571cc30228c,P,P,E
0aa03dff-b516-489a-bc3b-634568890d0a,U,U,I,I,E
11b8dc96-f5c4-4884-b2b0-77cbce759640,P,D,P,P,D,P,D,P,D,E
1b8525f6-8797-42f8-ab0a-9f3ed0c21235,P,D,E
1da3f5a7-9fa3-4e80-aa29-a732d2c4b7f0,D,P,D,P,D,P,D,P,D,D,D,P,D,E
1e8990bf-372d-4b77-bf54-5959b4ab15ac,D,D,B,X,E
1f1e5d8a-86e0-4d6f-84dc-1c47f9a61a34,P,D,P,E
263eb4f5-ec73-4e11-93b2-d44134a3e082,D,P,D,P,D,D,B,B,B,D,B,X,E
2a905fd8-9944-4a05-935c-2da4c4ae2b80,D,D,D,E
38bb700f-0a51-4801-a9c4-2e9cecbfeb8f,H,P,D,B,X,P,P,P,C,P,X,A,C,D,D,B,B,X,E
40a690e5-2857-4478-90e1-565979605f6e,B,P,B,H,B,P,B,B,P,B,D,P,D,B,X,I,I,E
4838400e-0177-4c15-8166-874573eda5a3,D,P,D,P,D,P,D,P,D,P,D,B,X,P,P,C,D,E
4a8e9a89-13c3-4115-86a2-81e0b7d13c5e,D,D,D,P,D,D,D,P,E
4f306fca-d0fb-4e20-a9d6-0b789b71cbcf,D,D,E
51ad24a9-2f30-45aa-ab84-382d41fa08a9,P,P,D,P,E
53c843b3-95b4-41d8-9774-b0b7e2675729,D,D,E
5885ba36-57dd-47bd-a14a-bf345852188e,D,D,E
60881913-bc1a-427c-9ac8-8752c9f20c49,P,P,P,P,H,E
617f1a9e-4019-4c4e-9ffe-557444ef0d2f,D,D,B,X,B,E
62c6f61c-e1f7-4d12-a23a-033800250688,D,D,E
658accde-55b9-4f6b-9c12-35c8688af0e7,D,D,E
6dbcf7a3-83d0-4429-aad3-f85f4ecc620e,P,P,E
7257b934-ea46-4217-bed6-c40c6a04c697,D,D,D,D,E
7327ad5e-5f6e-4f33-9571-44436808df70,D,D,E
77037e50-c6a0-4e0e-a340-2959591ef6bd,D,D,E
7c7e5612-9f37-4c8d-a124-1c7ea26b1502,P,D,E
858fc9ea-5c19-4459-b6b3-2d561f986b8e,D,B,X,B,D,R,D,E
862897b5-b89c-4388-bdbc-39064a1ff38b,P,R,P,E
87972b4f-c082-4ab7-b810-1541d9bbe3a6,D,P,D,P,D,B,X,E
8b931a73-4bfd-4b31-8698-208c927e99b2,I,P,D,D,D,P,D,C,D,C,E
9f78cf03-f806-4380-8d00-45875e5f9077,D,D,E
a89e8c18-c2aa-465e-a223-c04f24620f26,D,D,E
a8ac5267-c2d8-460b-a0a3-dea58cb363b2,P,P,P,P,D,P,P,D,P,D,P,D,E
aff8a409-70b3-4b22-943e-9b536c5e547b,P,D,E
b1c52b23-4d12-45c8-8ba9-2d07a435041e,P,D,P,D,B,X,E
b5afb11e-2f10-45d9-870c-254a2cfedd3f,D,P,P,D,D,E
b8fa2472-94bd-452a-8955-df7b874df45a,P,D,E
b9fd77fd-8cc8-4384-a3cd-6c4f41988a4c,D,P,E
c7697a8f-5832-4321-93a9-163450eb8099,B,X,E
cad9e8a0-7b09-4b46-bcc8-5edf5a5ee214,U,U,U,D,H,E
cd340ba6-5ee5-4238-bf96-ab9d117cd7b4,P,D,P,D,E
da312646-b480-4019-9e83-4b5ccb837347,P,D,P,D,P,D,D,D,P,D,P,D,P,D,P,D,D,B,X,Y,X,U,U,R,U,U,E
db16879e-98e6-4428-a28a-66372150f0f6,P,D,P,E
dcacf1c3-8378-4eeb-8b3e-81ac03fa7485,P,D,P,D,D,P,D,D,D,P,P,D,P,D,D,P,D,P,D,B,I,X,Y,E
dcb4e61d-ad5a-46a9-9253-a3381d080e68,D,D,D,E
e3ac65ee-4fd8-4084-a3aa-437a8032dee2,D,H,P,D,D,D,P,H,C,D,C,P,H,P,D,C,D,B,X,B,D,D,P,D,D,B,X,B,P,D,D,P,B,B,P,E
ec7b629f-cd49-4e7e-9442-7fc67d37054d,H,P,P,D,P,D,P,D,P,D,D,P,D,B,B,E
ec7ebcfc-2578-415c-9b1f-f3d091706e4a,P,P,A,P,P,D,P,D,P,D,P,D,E
ef402a7b-3b7a-4be7-b13b-3b13b59d4634,D,D,E
fae6d5a2-b38c-4f28-bab0-7120d75bab86,D,P,E
0224d5cf-0077-401c-b9a8-c31d4a9630a5,D,D,E
0a01aff7-6ba4-44da-a0ff-cc860fddb45b,D,D,D,E
0d04c4f0-7714-4b46-b52e-d8dc46607d4f,D,D,D,E
155993f5-a9b5-4e27-995a-01f808bd280f,Y,R,Y,R,Y,E
27bb853d-8208-4ea3-ae85-ad7a013da830,H,P,D,B,X,E
2ee3d0a3-460d-4821-9517-083fd94d0e3b,D,C,C,D,C,R,C,D,C,C,D,C,P,P,P,D,P,D,E
3068b0e3-546a-44b9-8c00-9af4472373a2,P,D,H,E
39153681-9fe2-476a-90ef-c97453bb5e37,D,D,D,E
398a3581-8414-4085-99c1-89e18b1f6e29,D,D,E
3a3d0546-0d29-452d-94c4-443cb601aa83,P,D,P,D,E
505894f5-7416-49c8-9e52-72e00f57fee9,D,D,E
53ebbd8b-6ac0-4c39-9512-d29f9ce1f3fe,P,D,D,R,D,D,P,P,D,E
5f4fcb00-9789-4901-a369-610ac5709c6f,D,D,E
624e2fcf-65c3-436b-94c0-fcc9b72b01b6,P,D,P,D,P,D,E
64146dd1-126b-4c11-abdc-50f9314ebc5e,D,D,P,D,E
652e0cc4-27d9-4d09-80e3-926cd351c506,D,D,E
65892ec6-dc31-434d-96b9-f5535f8333c8,D,D,D,E
6b1b7c77-ec5c-4bd3-b801-3bb928a7b7ad,D,P,I,P,E
6d962fcd-d0bb-474f-b1cc-a66d5a06f333,P,D,P,E
72e151f5-eb0d-42f8-9a0b-5cad82935135,D,P,C,D,E
7471df9b-cf8e-4dc5-872b-62fdccfd7501,D,B,X,Y,E
7cd211ca-d71c-49cd-8525-5320dd51b674,D,D,D,D,E
8b4307f3-a680-4b67-a038-c44cca02cd06,P,P,D,R,P,P,D,B,E
91748bd5-900c-4fa5-be9e-ec9377af37eb,P,H,C,E
95a29877-e005-4d8b-b1ac-9cbfe647fe6a,D,D,P,R,P,D,D,D,P,D,P,D,P,D,P,D,R,D,E
99d8a7aa-475b-4a84-a3b9-30e2a8da0542,D,B,E
aa6f6afe-a32e-4773-a719-f87c4da86d22,D,D,D,P,D,E
b0075662-b520-4c7b-9fe1-aff9208a3d02,H,D,P,E
b3298d6e-1b7a-4324-a775-99d46c54ebd7,D,D,E
c712bc01-c857-4316-9b06-b1bf7838b4b4,P,D,P,D,E
c9b32fc7-e056-4bd8-a3be-23a2b8f6e038,D,D,E
e058dfdf-df77-4b69-8439-dba475151a35,C,D,P,P,D,B,P,E
eab6f2d6-5cae-44f3-8658-5e9de64d15ef,P,D,P,E
efac58e2-d01b-401f-bc0d-d8292df9caff,D,D,E
f049360e-366e-4a15-a19f-0797071a351c,D,D,E
f44bea55-7d3d-46f0-9d0c-4af77adde230,D,B,X,B,D,P,D,D,X,D,D,E
f7f4a807-3dcb-4f27-b87c-24507587e84f,D,D,D,E
fc26be1f-b458-454a-917a-e55f591472d5,D,D,E
0aae555f-8cff-423f-83aa-1de88d638863,D,D,D,D,E
0b1e5ac7-7fcb-42cc-937b-3bc9e8c3ee6a,D,D,D,E
0bb730b6-3dfd-47b9-bad7-f8b3ab101e98,P,D,P,D,B,X,U,X,Y,E
15836f5f-c5cc-4aa2-b91c-b26b553bd5ac,D,D,D,E
18fed764-2d79-406e-a174-3681969bde45,D,D,D,D,E
26b0ba88-4e8f-42d2-9c33-af68500750c0,D,D,E
2ae51ecc-0120-4fb1-b17a-214d0f6c0e34,D,D,E
2b8766a7-afe4-41a7-87c1-8e5e42f6b1dc,D,X,Y,D,R,U,U,E
3b241381-1f7d-43ed-9c3c-057cda0278ad,P,D,P,D,E
584e262b-d7c0-4134-8e93-a957cd06b2a4,D,P,E
58c4ce1f-bba3-418a-b10a-9353ae2f2bf5,D,P,E
5b2d616b-00bf-42aa-b637-8fc7257cdfb1,D,I,R,D,P,D,D,P,D,P,D,B,E
5b412a95-ea7d-412d-8bdd-82ca5e8cc630,H,P,E
70a3b55f-c526-42d0-a5d9-1a9f05061e67,U,U,R,U,U,R,U,R,U,U,R,U,U,R,U,R,I,I,E
72f1e91c-c0a2-4fbc-838b-f4f9825b1077,P,D,E
7554d205-8bbc-4e17-9606-44f6a60a9437,H,P,D,E
77f1b49e-531d-439d-a6ea-75100f844c8f,P,P,D,P,D,P,E
8d1d67e6-dbaf-4ad2-b5e7-0e525feefb72,D,P,P,I,A,D,P,A,C,P,D,E
9708d897-fa82-47ef-a2f0-b912b18a4739,D,D,E
9a1e0dba-d066-4c9b-bcb3-0c9c36b8c0ad,P,D,P,D,D,E
a4586385-044e-4a4e-8c71-25a1d01193bd,P,D,A,C,A,C,A,C,E
acbf9fed-a051-496e-bed5-cfaed00e9596,D,D,E
afc26d59-69b7-45b7-a5ad-25eabb594185,P,C,E
b226d542-036f-4bdc-9e21-9c13f0ce1302,P,D,P,E
b2e838d6-fcd0-416c-8349-c3877b2ace01,D,D,E
b8b2700a-f2bf-463f-863e-b162ec2ffc99,D,D,D,E
bd7fc898-06cc-4f74-8afa-5da4156cde19,D,H,P,D,P,P,D,C,D,D,C,D,P,D,P,D,P,P,D,P,D,H,C,H,U,U,U,U,B,H,P,X,I,X,B,H,X,R,X,Y,U,U,U,E
c2d425cd-7270-4c8a-9361-7d3815d15996,P,D,E
ca64a8c0-ac61-4263-b5e9-f918a3e7a30c,P,P,P,D,D,D,E
caf4360a-69ae-421f-b0a7-549eca5b177e,D,D,E
cb714a43-2948-4da2-923c-fd510d0fe52b,D,D,D,C,D,D,D,B,E
cbe1731b-21e6-427d-bc0e-2585589a0cc9,P,D,P,I,I,I,P,D,R,D,P,P,D,P,P,D,P,D,P,D,P,D,P,D,P,D,P,D,P,D,P,D,P,D,D,D,E
cec94a29-5ea5-42f7-9396-580c410e52e3,D,P,P,D,P,D,P,E
d443e9b2-e855-49ce-b980-1588ec0e185c,D,D,E
d4b6f362-25a1-49d5-8b4f-67ac6c58e5f0,P,P,H,C,D,C,D,E
d773ddaa-701e-46f0-bca7-7f4e9aa23790,P,D,E
d80f6156-7256-4419-82bd-9ab4d886be11,D,D,D,D,E
d894cd8d-ce8a-41bc-b71e-99dda94d1d15,D,D,E
dd2fe09a-4aab-4962-961f-0d9257f9619f,D,D,E
e10855cb-49bf-437b-8b52-92e0e0ef32ab,H,P,D,E
e9e545f9-2e7a-440e-97f1-bec6ebca93b2,D,D,P,E
f065d7e9-ca51-4d77-9973-54b0041df72e,D,D,D,H,P,D,D,E
f0cee640-09ea-40b2-bef6-5e10c5d7691c,D,D,E
f2d73055-0bbe-46fe-852e-b4d6212abea3,D,P,P,D,P,D,P,P,D,E
f9d275ec-1b4c-4fa8-8961-5c150a1c8607,P,D,D,E
02674ac5-cf45-4e9c-a0eb-38592435b6c3,D,D,E
043be867-2873-43a0-b0b3-18ac16c5d596,H,P,D,P,D,D,D,P,P,P,D,P,C,D,P,E
07081ec7-9d28-43c7-b55e-60296dadb657,D,D,E
074ebcc2-bf72-411d-b92e-970fd36d4d95,D,D,D,D,E
0916142a-92c3-4521-8c86-f875bd4e1e78,D,D,E
0921d03a-852b-4c14-9b91-9e3a86092acc,P,D,D,B,X,B,D,D,P,B,B,P,D,P,D,D,D,P,D,P,D,E
1147f4b9-cdac-4391-b75a-f417845d00da,D,D,P,P,D,P,D,P,D,C,D,B,E
11e178e0-8d00-45fd-8c88-27fefb496888,D,P,E
1577c7d7-5f94-40dd-b516-309f73de867e,D,D,D,D,P,P,E
16292ef9-8ec9-4b48-aab5-40c8b2d49fd5,P,D,E
1869efe6-f91e-49b2-9a79-69c6764735ff,P,D,E
19110126-c80f-4de1-a855-6cc37869faab,D,D,B,P,P,D,C,D,C,E
1c64a402-a27b-42f2-9216-e0de0fca7c4d,D,D,E
1ec63894-74a4-4ab8-a65b-1969d7ecfbc6,D,D,D,D,D,P,D,P,E
21b639f8-cb45-4d5b-9923-d939d46c2d66,D,D,E
23dc08cf-e5cd-4280-89d7-9d777d8f0b4a,C,R,C,C,P,E
26ace7b2-3a9d-4801-b061-5e0244deb3d1,P,D,P,P,P,D,C,D,C,D,P,E
2b25d045-0d67-422c-8e48-c88a2c4d66cf,X,Y,X,E
314aa4f1-4a1d-4f18-86bd-c33ece7051e4,D,P,E
3252aa5b-e3df-45a2-8fc6-e026901273bb,P,P,P,D,P,P,R,D,P,D,E
32703697-f25f-4ba1-a663-ded08417a878,P,P,D,R,D,E
389e42bc-9222-43dc-a9b9-d7a5d9b0a22d,D,D,E
3e15d483-7800-41ed-9e7b-38c235774743,P,P,P,D,B,X,Y,E
3e493eac-154d-4988-b27c-da30420e014f,H,I,I,E
3ec983a5-0475-4eb5-ad77-a1090867b486,D,P,P,D,E
4f57e77b-ebe1-4b10-8e16-87768902b234,H,D,E
502f4ad5-4010-42f3-9e74-d57532363e70,D,D,E
57c7dba4-c472-4f51-aeef-70cd2363c3be,P,D,P,P,P,D,E
5c42ea62-2965-48af-a730-ee12559ed570,D,B,X,R,D,X,B,D,E
617f8cb8-b9a8-4888-8325-81460430f89a,U,U,R,U,E
61906786-5969-4d2c-898e-c70d21afd925,D,D,E
66d46d03-15b0-48f9-a81c-61b400311734,D,P,E
6cf0719c-df7e-4f43-a0e1-1d650d32484e,I,A,E
768ab1aa-d14e-4158-8bac-4c719848668f,D,D,E
76e3c8cd-0a6c-4e66-b8a9-b171bf2b12ee,D,D,D,E
8c42a674-43ac-4399-bb21-cfb731c60f52,D,D,D,E
8c60a609-43a4-4618-b450-b8a899a2f65c,U,I,S,S,H,S,U,E
a0d6d0a1-7e59-45c3-aa27-063d2d873d30,D,D,D,D,E
a55b8250-69e4-4da4-ada4-a2081ce5dafc,C,D,E
b43e6922-9a45-4c82-b99e-74a8c6eaee84,D,I,D,E
baee7b2d-cc84-4d66-920a-5c33103d0574,D,D,E
c9287113-1adb-4ea0-b6aa-f6b72e43c9d1,P,D,B,X,D,P,E
cd15af2f-e250-41ef-af8d-7f31ab1ff7b8,D,D,E
d1ec66e4-95bb-4b07-88d1-fd7babcb89aa,D,D,D,E
d286e1fd-dbb7-4756-ab54-ebcc782c2fcb,I,I,I,E
db409dd3-3b99-4c9b-916f-8289e6990cec,D,D,E
dbd0cdf0-f950-442a-8671-b85a95434d6d,D,H,E
e09e975b-37c4-4da7-91f6-0f963f908cbc,D,D,E
e5eb7ded-eae9-4c7b-b11a-0612b2fa43c2,P,P,P,P,C,P,C,P,P,C,E
ea5eef5d-7972-4abf-9da8-c6fe56c30de5,P,R,D,D,D,E
f5e44d61-0a58-4754-8c9a-99dbe6270922,P,P,D,E
034f8320-dc9d-4c6c-a35c-294f304f2b46,P,P,D,E
07030f5c-931a-47ce-b27c-54c9c0272cbc,P,D,P,D,P,E
08a3ae67-a83f-49ab-ae47-42d2b5a7de07,P,D,P,D,D,E
0a125dcf-7584-4d05-8b7f-543a572d4a19,D,D,E
104ecc19-ff42-4a88-ad4b-a3c96f098f69,P,D,D,P,R,P,D,P,D,D,E
10b4e07d-66ae-4834-b42a-4eaca5b035c8,D,D,E
128033fc-2a21-4b1b-9f89-8e2779acbf14,D,P,R,P,E
1524092c-ad92-45ad-a8b2-8e265e2281c6,D,D,D,E
19155b9b-be0d-40c3-a634-481e02fbd291,D,D,E
25272f3a-e99d-4e0a-b536-67908a2e8b1c,D,D,D,E
25ac42d9-7172-4868-a061-06069d593dee,D,P,D,D,E
2958cadb-6177-47d6-b850-e9cf1091d962,H,P,D,P,P,P,D,E
347bb6b3-0630-40bd-88c6-d38586edce81,H,P,D,R,P,H,C,D,C,C,E
379ad94b-e9c8-402e-b2a7-9521da5dd1c4,D,D,E
383b59f5-8d5b-4117-84e2-c5582dd98456,H,P,D,P,D,E
3fc466e7-565b-455f-bd22-75eb30c7ea0a,D,D,P,E
42cd8a27-c419-471f-82e1-8e0d68bc86af,H,P,P,D,P,D,P,D,P,D,P,D,R,D,R,X,H,H,X,Y,E
4906602e-7d25-468e-b548-eaacfe981227,P,R,P,R,D,P,R,H,P,P,D,D,D,P,E
4a11c24d-02f8-4251-a121-1f087135425f,D,D,E
50f20040-1cf8-460d-93fb-d527e538b4fd,P,P,D,E
53b61c0b-62a6-44b7-8ac8-fc21c40e2162,H,I,I,P,E
58c7369d-c94a-42fc-ae66-fd2c37a54db9,D,D,E
6562ec64-222d-411e-89b9-2bd8477df7f3,P,A,P,C,P,D,P,D,P,D,P,D,P,D,P,P,D,P,P,E
6683e233-f116-4f31-8884-b73c43f5f121,C,D,E
679c03bf-667a-4d13-b16e-4d6dac8bc26c,P,D,E
6b8df672-ef8e-4804-b69f-a69e1f51359d,D,P,D,P,P,D,P,H,C,H,P,C,E
6c4d01df-dd92-444a-8438-b23d857f4602,D,D,E
6d2e3610-70b8-46c9-9056-4854b5e06d51,D,D,E
77e38a36-3525-46fb-90a9-e3fbcd09e819,P,P,P,D,D,P,D,C,E
7ac71d1e-d9ae-4071-a02d-798c1b6c5136,D,P,D,E
7b41a372-e2d7-41eb-99dc-6a447cc5478f,D,D,D,E
85795bd7-bdd0-474c-940a-adbdd945ea0f,D,D,E
8fef54c4-33f7-4310-b124-7a0dbc18ea6f,I,I,E
96523e68-e6bb-41ae-8c21-566ec8ead7c8,H,P,P,R,H,P,D,D,E
97386bad-5058-447e-bbc1-2f2a55f251f4,D,D,E
98448e61-b812-4c7d-94fc-281b605f41a4,P,D,E
99e5af70-6b05-49b7-ba5f-29c9163dd7db,D,D,E
a2c8ee78-44f5-4e80-8097-9cd1cbe30a32,D,D,P,E
a870e8c6-c641-48e7-82e1-26b7a9fbca4c,P,P,D,D,E
b2226c5b-488b-4f86-8974-254ead1fb818,D,S,D,S,P,P,P,E
ba285ade-2df7-4264-98f1-0b5cb7d121c9,P,P,D,P,D,P,D,P,D,P,H,E
ba842e88-4b3b-4db4-bc39-2fdfff906fe7,D,D,E
bad9faa5-625a-42f5-bb65-3d98a8a48451,D,B,X,E
bd10acea-1efc-4eac-964e-5cec01c25b53,H,P,H,P,H,P,P,D,C,D,E
bffc3c53-2101-4231-b0d2-47c967a119ca,D,D,E
c2d87c68-3d30-4b23-936e-974c5c8f7db7,B,B,E
c3551315-9c05-48ec-ad78-f321469d208c,P,D,P,D,E
c6deb089-2050-425c-ad93-9a552961751c,D,D,E
c6ef2539-32c5-4058-becd-bd9cb986858a,D,R,D,D,D,P,D,P,D,D,D,D,E
c7936212-2ce5-4dae-bd1b-da67183314de,P,D,D,A,C,P,D,D,D,R,D,E
cb051f42-f2d9-469f-a485-9ec20275d8c6,D,D,E
cfb0a127-54da-4d18-8cd1-0b97cd7a44f9,D,D,D,D,D,D,B,X,E
d1529dc1-64d3-4a62-8965-969d2a352d50,H,P,E
d5537bef-6e3c-4ebc-a802-ec735c5ad39d,D,D,D,E
d8aa5f4a-f485-470b-8a04-ea4f02687e0d,D,D,E
e0b8f29e-fe81-4cbe-ab43-c01799a27646,D,C,E
eca1afaa-00d7-4768-b45b-a3a0a279a2c6,D,D,D,D,D,E
effbe003-3933-4014-901d-c257262ed63a,H,P,E
f4afd102-5902-41da-9b42-8fd929c04607,D,D,D,D,D,R,D,D,D,D,E
f7f5657f-8bae-436f-9639-5dde7d93d0ab,P,D,P,R,P,R,D,P,D,R,P,D,E
f852f1fe-a6a6-4a68-a53d-a712fc7c2ee6,D,D,D,E
fa307472-4794-4bda-a805-8d086c0b462f,D,D,E
009f058c-8f25-44a8-9849-1f9ba36367e8,P,D,P,D,I,E
027e0e4d-1d10-4558-9d4c-8ecf16e09092,D,D,E
0e2a0d6d-aff7-485e-acac-707a53f3b5f1,D,C,D,P,D,P,R,D,E
0f2664c0-7a3a-4065-964b-e9e36228048b,D,D,E
14cc14e0-4149-481c-9ccb-0b85d44180eb,D,D,E
14ed571a-4c28-4b45-a5a5-9d872a5615bc,D,D,D,E
17ecd467-db70-43fd-bead-2d0746c0aa32,D,B,X,I,I,E
182cd1d2-c261-4ac1-8260-fa086e9ecde9,D,D,D,P,P,D,P,P,D,C,E
1da8859a-cbc1-451b-9f4d-56cb3f908924,P,P,P,D,E
217c63f3-772d-45a4-b1a8-8048b2c3a14b,D,P,P,P,P,D,E
2b92a4c0-12d6-4b04-b409-4c598befc129,D,D,E
2bcb8cd0-d30c-457a-9c68-795a179e85e0,D,D,D,D,D,E
303a068d-d32a-40ba-9465-59161238760a,I,I,R,I,E
39333633-9c12-48c3-b16b-90c1637d5cc7,D,P,D,P,D,E
3d8b6c72-eca0-4f50-856f-6429557ebf7b,P,D,E
3e8df28e-f0bd-4833-8458-2924688fe315,D,D,D,E
4525e559-34ca-4d45-85c2-e038af11d123,P,D,E
486c2275-88da-49cd-9f22-83f26bcea850,P,P,D,P,A,C,D,P,E
4d4de9fc-43ea-40fd-a047-c7f67672b553,D,P,P,E
58c62019-9b08-4a50-bd79-f7f2ad41d791,D,D,E
5ad0fec0-9e50-43ba-ae56-3823f41198b5,H,P,E
5cfb11da-b723-449b-ab0b-a9b8bebf6d17,D,D,E
68ddb29e-11c7-4068-b12d-e065d9d24482,H,P,D,P,D,B,P,D,B,P,P,P,X,P,D,B,X,B,X,H,P,E
6a0ffaa7-2a17-4008-aefc-c3fa21c8a1fe,P,P,D,R,U,U,Y,U,U,E
6daa1b84-7383-47c1-ab88-349e77599223,D,P,E
6e5d4d5e-96bc-402a-9f93-3cb7e0298ac0,H,P,R,H,P,E
75164b06-a482-475b-9552-1afaecfb0917,D,D,E
7c385f3c-edf0-4904-988f-2261a29ac1a9,P,D,D,D,P,E
7cf1d163-e224-4f36-9dc0-1fc5dec31d1a,D,D,D,E
7f8abbad-12e0-426c-b036-4c2084fd2b3d,D,D,E
885b39b5-aad7-449c-860a-2993abe8b3da,D,P,E
8efc5e54-1107-44c7-b5ea-70430caf7175,C,I,E
936c2679-54f2-4a18-b578-fc85ba1f0fef,D,D,D,E
9c2922e6-10bc-4967-b1ca-461bd02e63b4,D,D,E
ac842fcc-9ced-4daf-a0b7-f5feec6e4194,D,P,E
b55ec85b-944a-42ab-9ffe-1fbfddfba109,D,P,P,P,A,P,D,I,P,D,P,D,C,E
ba77b69a-f7ae-4479-b7aa-eb4152cb4483,P,P,E
bef207a6-a92e-4c1a-9bdf-de4092a3aecd,H,P,P,E
c248946a-cd4e-41ed-8ac8-6d4930cbe235,D,D,D,E
c28c2284-af59-4420-9f43-de9c76fbf0ce,P,D,P,E
c6a18e1f-250e-4646-91c7-db7a03321329,P,D,E
c74b4374-996c-4763-a99f-11f339c7199e,D,D,E
dea4625c-0751-41ac-91ae-e478ea927fee,P,P,E
df6f20b9-a3b7-4bb3-97b5-d6ff845ff705,D,P,D,P,D,D,D,E
df7b6681-fbd8-4a70-82c4-ae8891458698,D,D,D,E
e81c662c-26b2-4ff8-abba-1bf919ba4813,D,D,E
eddc02d0-de8e-4b00-b8b7-1d6fd9518119,D,D,D,B,D,E
004e44aa-a120-4ad1-80d5-9cbf766ef98e,P,H,E
06d31930-19d9-40c5-98e3-c569b519c22e,D,D,E
08e2e31a-c87d-409b-87bd-bd36a8d21d3b,P,D,E
1018d783-11ef-440a-951e-3ff2820328b3,D,D,E
1056dc7f-00ed-46a2-8c39-db010f686d9b,P,H,P,P,D,B,B,P,P,P,B,P,D,E
126b5ab7-602d-4143-945d-8617cbc81007,P,D,R,D,E
18746bb6-5b5f-48ec-a958-d0923fbcbeb0,D,D,E
1d5e968a-f56d-44d5-b643-a7e9a3a4361b,D,P,D,C,H,E
215f4efa-844f-4446-84fe-c8e605cfb901,H,P,P,P,H,E
30d0b0ac-e197-4384-9beb-71a22c401537,P,D,E
3192acd1-6dcc-4374-ba41-b2b6f3537811,P,P,D,D,P,P,P,D,B,X,Y,E
3251ccb1-74e9-4943-8dd0-5d34edf89437,D,D,E
33ebcac8-34ef-46bd-a724-fe03300fec3c,H,P,E
36076c85-aced-49d6-b182-ed0c37a494c8,P,D,P,D,D,E
393aea2f-470e-42ec-ba76-54114e4ca241,P,P,D,P,P,E
3b8f05b4-18f4-468a-bd51-cf6284db9c99,D,D,E
3ede5db9-9b94-4b02-85e9-124064313212,P,D,E
41353a32-3eb5-4614-9962-0dcd8c5b4127,D,D,E
44bda751-7626-45c2-a2d2-5eb22c50f283,C,R,I,I,A,I,E
45525877-2ac9-4f84-bdb6-dc91e72b9fae,D,D,E
54976938-b89c-4932-a78a-aff4f5950caf,P,P,E
56ef2792-116b-4803-9eb8-b7d4d6a058f2,P,D,D,E
57c322e7-0692-4164-876c-2ed30453709d,D,D,E
5d6b8e5b-4335-4ebd-88e8-b64ad06d9f52,D,B,X,P,P,C,P,E
5f4d38ae-177f-4554-a970-d3b2e35c6e0c,D,D,E
5f93e145-bb49-4679-a400-f58a816d900f,D,D,E
6c778fcc-a466-49ca-b15e-85efb4b58799,H,P,D,P,E
6cef942c-03da-4350-b5b4-94d0d154e6e8,P,P,P,D,P,P,P,D,P,P,D,P,P,D,E
6d1a9cc3-1d1e-4181-a190-9e0096bf635d,D,D,E
72793c0c-d236-4fd1-befa-10d68d6e7a13,D,D,E
731e359d-266e-4176-8a27-50034d7d31c8,D,D,E
78443969-2059-41b3-a7ee-bddc3ecd9b12,D,P,P,D,E
7c6e132a-e0a0-46be-9415-6bac6fea8bd7,P,D,B,X,Y,R,U,U,D,E
810927af-4a65-4a99-8f4b-edfe6f73d44d,H,D,P,H,H,E
81253a25-793d-4abb-b6d0-c2915059964b,D,D,E
81d935a7-8af8-4a17-b8a7-fc1c351b4b15,D,D,E
82286f0b-7905-4c8e-b65e-4276590cd12d,D,D,E
85be5a53-d5e7-44f6-836b-9e820d5b9486,P,D,P,E
87952863-d522-4a95-acc4-01e19aad290d,P,D,P,E
898f62a7-0bda-47c8-82c5-56a6ec922f34,P,D,E
89d809d6-f59b-4455-a482-b3076c0a4d9b,H,P,D,D,E
999b2bc4-9e75-4b36-b095-bf0cf15b4dce,D,P,P,D,E
9aa69603-ce47-48e2-9cbd-477302649476,P,D,E
9e9e0ba7-c806-4bbd-ba02-369323c1bfa7,H,I,H,P,D,P,H,P,H,E
a1c57e60-afc8-4400-8dae-008fa3c31716,U,U,U,U,E
aa27bc86-cd7f-4db5-b0d8-e0f02c1dc706,D,P,E
b3c578c3-287e-420f-bdc7-a46aa6473db9,D,D,D,D,E
b6d77547-1057-4315-8b69-db2689a6ff61,P,D,P,P,C,E
bd691fbb-8812-4693-8ac0-dc1a3af243d8,D,D,D,E
be70527f-4119-4dc7-b9f2-f40e6bee9d61,D,D,D,E
bfb8a7b9-41bd-41f7-8399-e341a90d70a8,D,D,E
c9bdef3f-3910-4e3a-b6c1-59ea5f99ea2a,P,P,E
ca8a8f17-a25c-4c6a-ad28-54f0d0af327f,D,R,D,P,D,E
cf52921b-d3c8-4dc0-90f7-cecc5ac71956,P,D,P,E
dfc5eb0b-42f2-42d0-9ca1-78467f13501d,U,U,U,D,D,D,U,D,U,U,E
e1a148b6-051b-4ea2-a880-613af164347b,D,D,E
e95890e7-4893-47d5-ae54-f028b943aeee,P,D,E
f4929b82-f020-4ba4-bdbf-1faa9ef79b8c,P,D,I,E
f92d9626-2d90-444b-8e07-5a3197c17511,P,D,P,D,R,P,E
fa51f3c0-e86e-440f-a47d-dee3b41dbdb2,P,D,P,P,D,P,D,P,D,D,D,P,D,B,X,Y,E
004ca38b-ba5a-40ac-8883-97849a434a7f,D,D,E
0395af98-1be4-48cf-93bd-ccd480795266,P,I,E
05d919c4-782a-458f-b977-aff6c01bc0ed,H,P,P,D,E
0dcdf2a8-62e4-4986-8b7f-d2ce10c23b37,D,D,P,P,A,P,E
144fe47d-4b70-4091-9075-0eb7d8a26a81,P,D,E
16babe54-2da7-4c62-8ce3-6305262d5aa5,P,D,P,H,P,E
200093f9-38ce-423d-b509-950427a7a1c2,D,D,D,P,D,P,E
26657309-38be-4b8f-b3ef-f11751a25ae8,P,P,P,D,C,D,E
26bcb8ba-d88c-45e0-aeb6-75e53492c809,P,D,D,D,P,H,C,H,E
3a5810c8-1ada-47bf-bf7d-a142229c1e60,P,D,P,D,E
3d9bbfb2-068e-4a8f-abb8-229855ddc81e,D,D,E
44e5565d-07a2-426b-81ce-be5942b5988c,D,D,D,D,E
4705947b-1129-433e-a8f3-6aa9859b9fea,D,D,D,E
4c6628b9-d058-4344-8946-c5923ede6b33,D,D,P,D,E
50d11132-31e1-43d4-9c59-863983cc6dc4,D,D,E
52345d8d-e698-468b-a003-0872bd44a28a,P,I,I,E
54b691de-4f3a-406f-a407-db6088a074db,P,D,P,D,B,X,E
5c77bcf3-ff3c-431c-822a-ad6acd728e15,D,D,E
61822cad-b37a-4c0c-bc9d-b2921396d18b,D,D,D,E
706d82ad-b025-45a3-abfc-a796ae9b1f47,I,I,E
71a83f7e-8dc9-407f-8149-df725cad822a,D,D,D,E
7d20bf73-4fdb-472e-9140-335b92ba01fb,D,D,E
7d6ee6bb-fbac-4cf0-a5ca-282313e8f69e,H,P,I,E
85cd8836-4460-4f02-9252-fd54b2235ef0,D,D,E
86b12dbc-a243-4a31-81d1-8abfd6f409d8,H,P,D,D,B,X,P,P,P,X,Y,U,E
8e039696-6fde-43f1-8f49-746749a77b4e,D,D,E
8f5e4c0d-b3c1-476c-9a6c-7ec1f8da24d4,D,R,D,P,D,R,P,D,E
91460be2-68c0-4ffc-8301-314bc666fbe3,P,P,P,D,P,E
a553f104-ae4b-4129-9ab2-f8cb70eba64d,D,D,E
ac231ab0-1eb3-4118-abe6-a202cd75e7ae,D,P,D,P,D,P,D,E
b1cc4cb6-b382-478b-8d21-aa9ca151fe44,P,P,P,D,E
b3147336-5525-4cf2-a014-bd28a9393401,P,D,P,P,P,D,E
b342024f-60b9-41f4-a8ad-c39621fe64f5,P,P,C,E
bc119319-7dbd-416a-859a-a3c20f551570,D,D,H,C,D,C,P,D,P,D,E
bc8fdee5-6fc3-4f0b-adfc-672d9c4608f3,D,D,E
d53eb52f-40a6-4a95-b9b9-fa46ba61d53c,D,D,D,E
d742b8a9-334a-480c-bab5-b55e790ec438,D,D,E
e320cf74-f733-4474-aca3-7fc0779205b7,D,D,D,E
e488d192-3988-4738-85ef-23bf114dee1f,D,D,E
e4a23bf8-e0f4-4ca2-a8f0-479a726df366,P,D,E
e861ad88-45bc-4051-9f0e-e8521a79e2c2,P,P,P,D,C,D,B,X,E
ed02dcd9-84b2-46ca-885e-30040599ef3e,H,P,D,E
f36956df-c836-4d92-a237-2aa206e240f4,D,D,E
f6c87eb3-878c-4d67-96a8-0576737bb665,D,P,E
031aa6ce-474a-4b28-af20-37369d7264b6,D,P,P,D,B,B,B,X,B,E
0ccd0d13-9c7c-407a-a67e-cb501a7dcaf3,D,D,E
0d6692c5-985d-41e8-974c-6980df325ee8,P,D,P,D,D,D,E
13875056-316d-4610-a6b6-a015c577750d,P,D,E
1ca25670-8eb3-43ca-a3d7-f29661df4316,D,P,D,E
22b50234-3933-4f15-b9e3-0062982c5c04,H,A,P,P,P,D,C,D,B,X,B,X,B,D,P,P,P,E
253e9f48-582d-4cb7-bf8f-4c55e744ef6d,P,D,P,D,E
25435d35-75b7-4a46-854a-a85ead2248b4,P,D,E
25e19361-45d3-4035-88d6-06933c1886ed,P,D,D,E
2b84d9fa-f6c7-48ad-8803-441df4bef6e6,D,B,D,E
2fc12efa-1b7c-42a2-91ce-df3b03ca2e06,D,D,E
300579a1-9ef6-4e4c-bb25-30e147b20b44,P,D,E
39f03dda-f4ba-4a9c-82b2-53107b09d334,D,D,E
3a1327c7-bb70-4c88-9ebd-133f54385335,D,D,D,E
49344d8f-76ef-446b-951a-27d51748742c,D,D,D,E
4b21d8c4-cea4-4db0-94a8-536379ff14ba,D,D,E
51f0adea-30f6-4d30-8ae6-9c33c169a0c1,P,P,D,D,D,P,P,P,P,E
565029ad-67dc-4b9e-b0da-847fe8414287,C,C,C,C,E
5a95b519-9db1-4af0-ab37-ce0185018f42,D,D,E
60c812e5-9644-4983-90a7-0b004f8fc241,D,D,E
6a0c67eb-c2ed-4f0c-bffa-7dea414835d9,P,D,E
76619be8-7282-49c8-86dc-963c1242f555,P,P,P,E
7698e8ba-236c-4b8a-8f4f-fdf2e0f6e1bc,D,C,D,D,I,D,D,I,H,I,I,P,P,D,P,D,D,E
7a738368-3b17-4cfe-8453-9bdf637c9051,D,P,D,E
8232bbb2-e918-43bd-9ad0-6d2137af4b97,D,D,D,E
82f006f4-c964-4b25-b5bd-dcd9fc81d58f,P,D,E
853c7a94-aa70-4c6a-bd49-529e9d055cb0,D,D,D,E
8f13ed66-dbbf-45c4-9fd4-8d312f18e0d1,D,D,P,E
a1776eaa-f6b5-47c0-b2d0-3db1fed55ff8,D,R,P,D,P,D,B,X,P,P,C,D,B,B,P,C,D,B,X,H,X,Y,E
a6cd3485-e6d1-4e0b-91f3-550882f8d9de,P,U,E
a96cf3e8-e398-4fa1-bc6d-3f77bf7993be,D,D,E
b530e54c-3bc7-42e3-8ee0-78d80afe2b44,P,P,P,C,D,D,D,E
b73549b7-a8ed-4b65-ac86-d9a32e4780a7,D,P,D,E
becc1b8e-be72-49d0-b750-b908a107b6e5,P,D,E
c36e986b-6c63-4888-bfd8-1cf027ea60ac,D,B,P,E
c7b95734-4826-4334-843f-ee6969372c6e,C,R,C,E
ce1887c7-eb69-43ff-bdb3-1f7f9bdd8874,D,P,D,E
cef44505-8635-47f6-8747-7332a77883ae,D,D,D,D,D,E
d9ef7ec9-ed35-4499-9b0d-563afdcf21ee,P,H,P,P,P,P,P,I,P,I,A,C,C,P,P,H,C,D,I,C,D,I,E
e0b9ce07-ab0d-4083-8c9a-b8b235e4603f,D,P,D,C,D,C,D,C,E
e625c7fb-7b0a-42ee-828c-78bae82ce987,D,D,E
ee421e40-70b0-425d-888c-2aa819887f80,P,D,P,D,P,D,P,D,D,D,E
eff76ced-e921-447c-856d-8f847b7cd1bb,P,D,P,D,R,P,D,E
f59d9957-56da-4782-bab1-9b3f5a050032,D,D,E
039fb5e9-afa9-4ce6-b372-b07e61c25cfa,P,D,P,D,P,E
05c82f88-b944-496c-9d68-d69661eff12c,P,D,D,P,P,P,R,P,P,E
071ecdcc-6165-4ead-b6c3-0c06918cc430,H,P,D,E
076c5bb4-a495-4ccb-a069-faf474f272f2,D,D,D,D,E
0d9b872d-9273-4036-bfbb-95afdda319b7,D,D,D,E
10e31708-7b67-4bc4-820c-b37176a71cd4,D,P,D,E
117923b7-6105-461a-86fe-a267954e81f4,P,D,P,S,P,D,E
15361a03-7494-447d-b378-6b4b6d13a123,D,D,E
1dfe4423-abd0-490c-a276-e1f2aec0b2fd,H,P,H,E
2453ea42-852d-443d-9bae-617d92d9f25d,U,U,U,U,E
25253a89-0843-42ed-9dec-a99ab19a2acd,P,D,P,P,P,D,S,E
25f1ba6c-76ed-4835-babc-38779d30226b,H,P,D,E
2d699534-bb9c-40ff-ac00-7bbd8dddf5b2,D,D,E
2ee814a0-1a47-47e1-a782-0ed50aa4db83,P,D,R,D,E
3700d5e5-ef4e-453b-ab01-dc701f7fa66c,D,D,P,D,P,R,D,E
37c0e712-5061-47b3-a958-a4b98ac52595,P,D,B,X,B,D,P,E
3d56cff5-1c6b-4d14-8209-0e4d1c7e6b69,P,D,P,D,D,D,P,D,P,D,D,D,P,P,P,P,P,E
3ddd1532-3128-4484-9c63-da90bdc4e6f5,P,D,B,X,P,D,P,D,D,D,P,X,B,E
48f625d0-f1d9-4f40-93cc-a7706d1b9103,Y,Y,E
49f18f06-43b9-4597-8c73-b1edc2bddf3e,H,P,D,P,H,D,E
4d2ad9ed-651c-4032-88e8-9bda3bf0692d,P,P,P,C,I,P,C,P,C,D,P,P,B,X,P,B,P,P,D,B,P,D,E
4ee78a13-7302-485a-a2fb-6bd682c19a2e,D,P,D,E
53b53b46-6d90-43b0-9bed-647556615acf,D,D,E
55a68b72-2573-4329-8107-9bb8fb33e617,D,H,P,H,C,C,D,D,E
598c3ce2-9960-4aa1-a407-cd82e5605201,D,D,E
5cb9aeb0-dd55-4472-ad5c-ee6695f33557,H,H,E
64fc9b3e-3413-4af7-a797-1cdd02986b42,D,D,E
6825da93-1c59-4843-9460-f2e63e8321f0,Y,Y,E
6b2e778d-636f-4a85-b30f-e80b49c1e82a,D,D,E
710a4fa7-04c6-4a03-bcf9-e3c5eed2d7ea,D,D,P,E
76ae8792-df3b-4ac4-8101-f584c2e9c35a,P,D,P,D,P,E
7ad4e6fc-a182-46d4-bcfe-435eb6728bd5,P,D,P,P,P,C,D,C,D,D,B,X,Y,E
81531c7d-565d-4063-ae3c-8ae41350e1db,P,D,P,D,P,E
82dc831a-e2de-4c0c-b76a-ed27f39b25db,D,D,E
835a2968-f38f-4d36-b244-b2a3494562da,D,P,D,P,D,E
83fe4868-c62a-4504-bce1-8d1cd4840823,P,D,P,D,E
86286e69-3b8c-4627-a170-33176a45cbed,D,P,D,P,D,P,D,D,E
8a9aa062-63c0-4dde-9d9e-d0f2d1b62590,D,D,D,E
8b52eee7-b69a-417f-92cb-f791a709cf5c,D,D,E
8c285092-7654-4ef7-82e8-43dc789e8b0a,D,D,D,D,B,D,E
9847430d-06bb-4c96-8a31-103f99a60635,H,P,P,D,P,D,R,P,D,E
9a643546-ce17-443f-9d63-51cee0b5a3b1,P,D,P,D,P,R,P,D,B,X,E
9c0cbafc-27b1-49b5-aa82-ad7dafb17155,I,C,I,I,R,A,E
a404091b-8cd8-4b30-9d96-8ce9cdccb4f8,D,D,E
a4e26947-4b40-4f15-a303-bca750701ea7,P,P,P,D,D,D,E
aaeba197-69ba-403d-aa31-a38ba3076fa2,D,D,E
b28bb241-ea14-46b9-849e-44a99d1b1b07,P,P,I,R,I,P,A,C,A,E
b4bf863d-ec2f-4fd5-8165-de2d2f5c339c,P,D,E
b92011e8-ea9b-43b1-8f8e-2c430f182fbd,D,P,D,E
d5566a69-6f0b-420e-96a4-3bce5d0f98c9,D,D,D,E
d7c5e219-c931-462f-99ea-43a1d3822850,P,D,D,P,P,E
e4f85829-ded4-44c5-bc13-8184e90b3c01,P,D,P,D,D,E
f71f6bb3-4dd7-4db5-a1ef-9586e806e402,P,D,E
0780e45e-2617-4f12-85d3-72aebb7d5232,D,D,D,E
0c8dc65b-e596-4060-9b07-8290ea962d3d,D,D,E
0cc4c36b-1f5d-47ee-ab58-24b73d203ccc,P,D,P,E
10f1a4c2-2524-4c25-9c42-637fd9483f36,U,U,U,U,U,E
146a5c45-def7-4fba-b3e9-9e55d6a38856,P,D,P,D,D,D,P,D,P,P,P,D,P,P,P,D,P,P,D,B,H,H,X,P,I,X,Y,B,E
176a243f-85c2-4813-b6dd-ea9b35e363ce,D,I,D,E
1af77922-2470-4012-9133-b246ad41d824,P,P,C,D,B,X,P,E
1c50a709-2110-4e2a-b6a6-20b0aca737ae,D,D,E
210b51ed-824c-4bb4-b617-8bcee81daaaf,D,D,E
2233a478-64cc-40ca-95ea-16f4c8069ebc,D,P,E
25586e9d-fe62-475f-90ad-6a39e5042a8e,D,P,P,P,P,P,D,P,D,E
277c6764-9695-49cf-b2bc-6a9e90f3e0d0,P,D,E
29c00e2f-74c0-4135-91c9-886ce8109723,H,P,E
2aecbafe-968d-41d1-9b9b-c45aa3f1563b,D,D,E
2bbe895c-e663-4cc1-9405-bb865819e7e3,D,D,D,E
2d7db63d-90c7-4066-901c-aeb62a3e0eaa,D,D,E
2ee28ded-7523-4063-8191-d3b824906e22,I,R,I,E
3eb83fba-2d93-4194-bb44-c8f823a020a2,H,H,R,H,H,R,H,E
45dfaa78-f1fe-4fe3-b711-b11eb06d1002,Y,Y,E
46f11d61-46d3-4b1f-a48d-bbfefeaaa491,D,D,E
4d87ca4e-ad00-4262-8d5b-663bcc40f705,P,D,P,E
5b32dd10-3849-4de7-8d33-db1474e9b393,H,P,R,P,E
5e6bd0fc-240d-478a-b064-169ec09af470,P,D,P,D,D,P,E
658a2b48-7db5-420f-8b01-c8b0c5a7049b,D,D,D,D,D,D,D,E
6a5d1cc2-7f5e-4c3c-b372-fe83df505bce,D,P,D,E
6e6e16c6-6717-4592-9e08-ddeee3a0cf1f,P,P,P,E
6f0d62b3-031e-4f52-b05e-adad0096a602,D,D,E
71fc41ef-d227-45d4-b096-01f55ba4a87e,H,P,E
76ac905b-bec2-4929-a631-d7d57b801d40,P,D,D,B,D,P,D,P,D,D,D,E
77184e37-07aa-4976-9684-83f1f9e6bd20,D,D,E
783d5447-263a-4f64-965b-679aec1c4470,D,D,E
7ac4131f-e2fd-43c2-8a43-2666912e7f0c,D,D,D,E
7e2a5b56-7a4b-4f5c-82a6-46df8c36fd23,D,D,C,D,B,E
7fa4dfd1-e5e1-4d2f-a7bf-1b7ec7e2425a,P,D,P,D,P,D,P,E
8511fddf-d0f1-4032-b5a8-a5403883645a,P,P,P,P,A,P,C,D,E
8ee84712-1e7b-4726-ae17-af4443f5df5c,D,D,E
8ff70175-e07f-41f1-8520-f7d764770bbe,P,D,D,P,P,R,I,I,I,E
a52637b7-da0b-4f45-8fd1-c174de9562a4,H,P,D,H,C,E
a759b48a-1de2-4de3-9ea6-52aa0763baf6,D,D,E
ad1120da-3d97-4e67-aac5-58ab71ef9de7,D,D,E
b6913731-9a72-426d-8e83-72e374ac7716,D,D,P,D,P,P,E
c24d0a0c-82bd-4426-9952-a7383d80eccf,D,D,E
c6c71154-92aa-4470-a636-ebe45795e6d9,D,D,D,E
c97bd696-11d1-47cf-b1a6-635167dd5bf4,D,D,E
cd076f88-b08c-4181-bf7c-347cfef2984e,P,D,D,P,D,P,D,P,P,C,D,E
cd27bf08-1990-42ef-bf0a-197c8e394b6d,P,D,P,E
d6aef0aa-34bb-4932-8621-69b0bc9471bb,P,D,P,D,E
e59dbe25-bdd6-4869-b318-377063e0f395,D,D,D,D,E
f11847af-cec3-4a7c-86a0-6e8a794585ef,P,D,P,D,D,X,Y,P,D,R,D,E
fa188e4a-56f0-4ba9-97f9-137c0ca9e914,D,B,X,E
fb207702-2337-4f7b-a5f6-8641654e8c70,P,P,P,E
ff5806ae-beff-4ab7-be9f-d9388de6dbd5,D,D,E
036cbb3b-84c6-413d-a273-f8fa6794f76f,P,D,P,D,B,X,I,U,P,C,P,D,D,D,D,I,E
04f5957e-396f-438b-bcfa-9f19cebcc192,D,D,E
0506a07b-52ed-4fe5-902d-84bb9e969322,P,P,P,D,P,C,I,A,A,A,C,I,I,I,I,I,C,A,A,P,P,P,D,B,P,X,Y,P,I,I,E
0c9bf6dd-44a4-420e-a15a-8db24bff78fc,D,D,E
0f41b395-6d66-4c28-82de-1a6802a1afab,D,R,D,E
129ae62b-7ee2-4f51-8b0a-64d1ecac5ed0,P,D,E
369a679c-4872-462b-92eb-25cc910606b5,P,D,E
3dbf8b23-e977-41a6-a7ef-7dfeeb1b8edf,P,C,E
4741615b-4c97-4b01-a16e-d7e702d096e0,D,D,B,D,B,E
4df5ecad-fc9b-40bf-aac1-a181ab979721,D,P,D,P,E
55448522-025c-4d62-b5f4-27d03e549127,D,P,D,E
56ea3125-9968-4616-86e7-c83d0109192e,P,D,P,E
58a584c2-1f0a-43e4-bd3f-02749259aa22,H,P,P,E
622da9a8-68d6-4cfd-b8ee-bf8cf9eeff16,D,D,E
6ca95a3a-dd4e-4537-808e-a68f6d53e473,D,D,D,E
70e3aadd-7967-4b6a-8f37-167137caba67,D,D,E
738efe70-e2f6-415a-928d-abe07ad1a7f9,D,D,P,P,P,P,P,X,Y,R,P,D,P,D,D,E
77d4b24f-471f-4275-adc6-d2623b825603,D,D,D,E
794b7c07-8671-4203-a87b-d171914ec3e9,D,D,D,E
7e333332-9663-4f9d-aeab-c0adcc8cce8c,H,P,I,D,A,D,P,D,H,E
86bc183f-f54f-44c3-98bd-f7a747a95514,P,D,P,D,E
8c0712dd-1a79-481e-8203-ba4a55b11055,D,P,D,P,E
953c84c6-33e6-463e-9ea8-3deb8b7e2778,D,D,E
97a68ac2-67c6-42df-9727-8626bf41862b,I,D,E
a179a42c-202f-457b-94e5-9ca6d9f46bcc,D,D,D,E
a605861e-dcaa-45a6-ab01-c949d1479051,P,D,P,D,D,D,P,E
a91c58e7-bef5-4490-9997-fb3f9ba1019b,D,D,D,E
a96263ac-e630-4e2b-9bc2-324378cd44fc,D,D,E
ac350e41-7d56-4473-a70f-b8f66360de42,D,D,E
af7b79e3-5a47-4530-ab93-a285675cc65d,D,B,X,E
b02100a9-ecc4-48a0-99d1-dc1bfd687a27,P,D,P,E
b7c81eb2-3056-4a7b-8d7e-88d66d0cc6ff,D,P,D,P,D,P,D,B,X,H,E
bac1f6aa-c1e5-4e74-81be-a257f2f74bf3,H,P,E
bc6f3c37-4fdc-4119-82c6-8bb72fc5422b,D,D,E
bf72ebec-34ad-44d0-86b8-fb41d9fcb687,H,P,H,E
c4ee1f2d-1ea7-49e9-93b1-3bc729ecfc5d,H,P,P,P,C,D,E
c6bd05c9-ebba-49be-9224-c1437760e9e8,D,D,E
c7596a7b-9adb-4f04-8fac-eed2da8f3191,D,D,D,D,D,E
c7af5f99-0dc8-43a6-85ee-4f3053915184,D,D,E
c7e74529-4406-4d27-b5ae-8e83b751d343,P,D,P,D,P,D,P,E
cae54161-68c1-471c-a6f5-0b7e6d545edf,D,D,E
d415a796-89bc-449f-8f97-a1354cbda311,H,P,P,P,D,P,D,P,D,B,B,B,D,A,D,E
d5f00d2e-b035-40d0-a5dd-78a9565bb8df,C,D,C,E
dada92c6-a024-403c-8aab-e98b7c95e2b4,D,P,D,D,D,B,X,Y,E
e292d8a7-0f1f-45f8-b543-0e8bd29c9995,D,D,D,E
e464279f-b80d-4292-acca-9997ae7b1f3a,D,D,E
e4cd4dc9-ff45-45e8-a39b-1adef94d803b,P,D,P,E
e85cb46a-21c2-41b8-bf84-a9438911ad8e,D,D,E
eacc7b8b-0ca2-4af9-b62b-617497e7435f,P,D,D,P,P,E
ed9cba81-7534-46e7-a9be-14f5865ec02b,D,P,E
ee459c31-5edf-44fe-a602-66a617c9df95,P,R,P,P,P,P,D,D,P,D,C,D,D,D,E
f1729e31-f351-4937-8d40-a0008688e865,D,D,E
f9a29981-f6b0-4315-9c81-656fd78c3229,D,P,E
fc1c186d-7843-452f-882e-9e298f2a7734,D,D,E
011f36ef-b0fb-4ea6-b351-164f66ad74ff,H,P,D,P,D,P,D,B,D,P,D,B,B,B,D,X,D,B,H,P,D,B,B,X,Y,D,E
01b4a696-38e2-4b3f-b0e4-b88b3a2355a6,H,I,I,E
04248198-0f39-406c-b2c7-50aa6daec9b7,P,D,E
12bcbd1b-16e9-4121-a17c-08b098591f00,D,B,E
14677c0e-0852-4e4e-bbb5-d7137d501d8d,D,D,D,E
14b95d5b-bfba-425a-9b3b-e301f0351622,D,D,D,D,D,E
163b9d72-09bd-47b6-a611-ab61d272b1ad,D,D,E
1b6fc2f1-66c5-4484-b9c9-f73c1e14d73f,H,P,D,E
1fb2f840-4075-4151-bf91-45b8f9e48085,D,D,E
20facf49-3546-48aa-9cf2-3c0d11c7004d,D,D,D,E
21f0a80e-7146-486e-ac5c-3e55b05ec0f4,P,D,P,P,R,P,E
22fcdd32-04bb-4608-bb7d-e64fd2136b62,P,R,D,E
2359d2d2-fe36-4fcd-87e4-a702aa95f15c,D,D,D,E
23c512a8-706c-43ed-81c3-d63372d274e8,D,R,D,P,D,P,D,E
24b5257b-e10a-447e-9ae9-7ce2cfc7cc86,H,P,P,D,P,P,P,P,H,E
2650f033-3a62-4041-86ca-cb9d64e20c2d,P,D,D,E
2b231d53-4ae8-45ce-8d58-645b7b29f968,D,B,X,E
2b8f1d00-6cb0-419a-90e1-5b5b50598001,P,D,I,E
2cd19312-2e95-4184-bc50-86548f806f60,D,P,D,P,D,P,D,P,D,P,D,P,D,P,D,P,D,P,D,D,D,D,D,P,E
2f2e02ca-f1d4-454e-8f7c-8b254486921b,P,D,D,E
305930fd-1e4b-4812-bf32-9836ecab3f40,P,P,E
320fc7e8-2ac5-4fdc-8d93-91635ef2a745,D,B,B,P,D,B,X,E
388b7618-aa27-47da-b317-76e07bdcbb50,P,D,E
393f03c4-fa85-4ecc-8dbd-ca183a83e110,D,D,E
3a7a1f7d-475a-419c-96c1-4bdad65cfb7f,D,D,P,D,B,E
45207557-86cb-4fe6-823c-62f9eec95316,D,D,E
46211f2d-66f5-4718-826e-05aa1c7b7197,U,U,Y,U,U,E
474c85ca-da16-4cf5-8423-17c309ce9197,P,P,D,P,R,P,D,P,E
483048b1-bba0-408f-9ecd-31fc86fd8170,D,D,D,E
572d2b8a-8d4d-4f54-9a1b-dfafcf24272c,D,P,E
57ac939c-4261-4473-8194-c4fa822eebe6,D,D,E
5966599f-f04e-43c9-82bf-93742fd1c439,P,D,P,D,P,D,E
5cbf1873-b5c8-4f29-8262-37ca0c14b0a7,P,D,P,E
63ba08d2-1970-4d40-beab-0eee150c1f18,D,D,E
67c6a276-eca3-43c9-8af6-00afb8cca225,P,D,P,E
6c03384e-b9e3-43ef-845f-8310b092f475,D,D,D,D,D,E
77ae96d5-5b1a-4c5f-ae0e-73b44a62fb3b,C,D,E
792f5138-fb31-4b86-bc3d-e853794477a7,D,D,D,E
7bae6773-b517-42cd-84b1-de7236adc34a,P,D,P,E
7e94bfda-4db5-43e0-9bdc-76f032dab434,P,P,P,P,P,P,P,P,P,D,C,D,E
7f25871a-dab8-44dc-94c2-c5f8235acb92,U,U,R,C,C,E
8023705f-c360-4da5-843c-744e1df5bd19,C,D,E
826d0b65-1297-43b6-8b89-e0369f913fc2,D,D,E
82e98266-1e3f-4edb-9cbd-45147ca62b65,D,D,D,E
8401c579-2915-4137-aeb7-42f259646ced,P,D,P,E
84ecc45e-647a-448d-ab4f-a6edab0b779b,C,P,E
91d161b0-1b58-4a71-8f45-183320675400,P,D,P,D,P,D,P,E
9364114e-37d2-4ca8-bb82-fe1f656cdd30,D,D,E
9897cd08-9004-44fd-8683-e1d55ba2d233,D,D,E
a7759779-17c0-4885-9222-55c8312a2442,D,D,E
a8791545-7415-4e0f-b105-5ccd2dc62e09,P,D,P,D,P,D,E
a9db14b9-4b61-49e8-a090-41e6e542d13d,H,P,D,P,D,B,X,E
adaa500e-ee2b-4e32-9b7c-fb1301db8684,P,D,P,P,P,E
beba9141-fe8d-4f67-b2f1-1154ac1f232f,D,D,D,P,D,E
c81f58e9-320d-46f6-8db9-84e98365caed,P,D,D,E
d39332f5-82d4-48ba-89d5-8522acad0b89,D,D,E
de048128-793e-419f-938d-98f298653ded,D,R,D,R,D,R,D,R,D,R,D,R,D,E
e3bbeece-c5b9-4e66-8cca-52bc8f8c8a7d,C,R,C,R,C,E
e995f0ea-3482-44bc-97ae-0d1474941438,D,D,D,E
eb876e33-b72a-4fd9-ad40-97bc0894432e,D,D,E
f572e7d8-aadf-4f03-a607-6a63f17c9c38,D,D,P,D,E
00076f47-abc9-4a89-9474-27daf4b69df5,P,D,P,D,P,E
055f39f3-eb3e-4c89-899c-54ba364112c4,D,P,E
096a1694-6a44-4872-8385-8ac40c7c6b3b,D,D,C,D,E
0b3e0067-9118-48ac-8ba6-dca0b07115e2,D,D,E
0e25ba29-27d7-4036-93e7-6de337e2ef05,P,D,P,D,P,D,B,X,B,D,P,U,L,U,P,U,P,D,P,D,P,D,P,D,P,D,P,D,P,D,P,D,B,B,E
13c520f5-9858-4bf0-9041-5e77516df1ee,P,D,E
161571ee-3f7c-41bb-9f06-bb758f5a56aa,D,I,D,E
1e5ebb05-c55c-4508-82c0-836d923d5c19,D,D,D,D,E
229a88c2-c552-42ab-a856-a8a5a15e9b6a,H,P,E
25d821a3-5259-4da9-9c2a-2c01767efc66,B,B,E
2784ab0d-76ba-4dc4-9aaa-ba14b71c1aca,D,P,E
2986a2a6-be37-4b2b-96dd-5eee73e2154e,D,D,E
2d245f40-489a-4625-afaf-121028a27d23,D,D,D,D,E
321153c1-d14c-4dee-b911-9c9e1053e61d,D,P,D,D,D,P,D,P,P,H,R,P,P,P,D,E
4472a3d4-b4de-482f-a20b-feac28dafd0a,D,D,E
4bbd0e9b-e4d9-420c-8c6c-40e5d298798b,P,D,E
527223e5-c19f-47ea-8b6b-3413aa265983,D,P,P,D,P,P,P,D,P,E
598fecb6-d224-41ba-a36a-07673a139fa1,D,D,E
5c5f2226-60b0-4fb4-b953-ecc2a1211f9e,D,D,E
5dca04ab-dcff-4b1e-9f53-cdf26b3e27f0,P,D,P,D,P,D,X,E
5ec347e6-3c01-4bde-ab64-378d49293af8,P,H,P,C,D,D,P,P,D,B,D,P,X,I,Y,E
62176007-f31a-48be-8a55-bed12f3c4f83,D,D,E
653dfc19-ce3a-4e04-9d28-6e460ebe5871,U,U,E
67450e71-7f63-4527-8361-dae2050cb69d,D,P,P,C,D,E
7360e816-111f-46b5-ad89-9acea6d74dfd,H,I,E
762e278c-b881-43a4-afed-2a60436b8335,P,D,P,P,E
7ad934cf-e519-4523-9788-b99c94a4fe59,D,D,D,D,E
7c39fd3b-b494-4160-8b01-ddc56018c231,D,D,E
7e0a64b9-edc1-4174-b4bc-cae99f09f1de,P,D,P,D,D,D,P,D,P,P,D,P,P,D,P,D,P,D,D,D,E
7e34ac0e-61a5-4d48-83d0-545aae402ccc,P,D,P,P,P,E
809887a5-6a64-4af4-a366-069bf9134aed,P,D,D,E
88e8631f-03bd-425f-bf77-d4fe3c6c84e7,P,P,P,E
8c7d4d8f-62a1-4662-8944-ad356058b8f4,I,I,I,I,E
8e5345ba-b2b7-443e-81b6-7b2a3e412d2c,D,B,X,Y,P,P,C,E
981bde3c-8491-4bdf-92ba-427ed243b9cf,D,D,D,E
a0453405-22bd-47fb-a114-b9ae528ef524,P,D,P,R,C,D,C,E
a1aa5221-ace8-40f6-b57b-6221b59fc704,D,D,E
a8885b7b-7dd8-4006-ae37-c153daa9fb68,P,D,P,P,E
b219ae60-d01b-4a00-a08f-cd41b3dd7458,D,H,P,E
c7728b88-5a51-4c75-a626-8c6e914bc888,P,D,P,R,P,D,P,D,P,D,A,D,P,E
cafa4bb5-62bc-4cb7-889d-d885ef6f2d56,D,P,P,P,D,P,P,P,P,P,P,P,P,D,P,D,P,P,E
cc722959-6cca-48ed-a27d-884b72442dac,D,H,P,D,E
cc8139b7-394b-428b-bd72-77bf93aad0f2,D,D,E
d2ff9a4f-5c46-470a-8dff-ae124c2bfbb1,P,D,P,P,D,B,X,B,D,P,P,R,U,U,P,H,P,P,P,D,P,U,U,H,E
d7c30937-b056-4879-a241-4fdc566b6ddb,D,D,D,E
d8628270-f930-4780-a9a5-c9122686b779,P,P,E
df3c2446-85a8-4b78-a277-aa2a83a435b8,H,P,H,H,E
e22ee159-ed5a-4a69-90f5-4ce42bef8cf6,P,D,P,D,P,D,D,P,E
e7a65989-57aa-47fa-bbac-1c0035d82455,P,D,D,E
e7d4c417-c88b-4ee0-bfcc-3e2955b1c901,D,C,E
f4e3f7c6-34cc-473b-baf4-56e97b24a34f,H,I,I,R,I,E
f573735e-e6d3-441e-bd6d-dc050ed42a38,H,P,D,B,X,Y,P,D,P,P,P,P,E
f5ffce49-d4b4-49cd-8dc3-93bc62462750,D,D,E
f9a8e5e1-fad5-402e-ab02-1035469e5cec,D,D,E
ff69910d-e31b-4cbe-93d2-fe0d6984707e,D,R,D,D,E
026bb581-c82f-4b12-beb0-853e355cf9ea,P,D,P,E
0b7e87bc-2cf9-4a28-8641-122fb7cd253c,P,P,D,E
0bfa1650-1603-4cb5-9dc6-1cede648d638,P,P,C,P,E
0ddd757e-dbbf-4fa1-97c8-889fb66bfa31,D,D,E
135504e1-1d89-4e3a-90ce-ae0faf79224a,D,X,Y,U,U,E
13e4286b-b966-4be6-8376-3efc3b184f1b,D,D,E
19348ca5-100c-44dd-b0fc-7a7151dc91bd,D,D,E
1ae0a647-d899-4978-ad54-bcc93fd40d0f,P,P,P,D,C,D,B,X,E
24b198d4-484d-4dab-bf77-e5e85e484f15,D,D,D,D,D,D,E
25cf82c0-55b8-4ca0-b6c4-70d368a5d259,P,D,E
26dafe91-4dc1-4016-bc61-dd832723eee4,P,R,P,E
29598ed1-d681-432d-a290-9ac8d774df80,D,D,E
299d36f3-35bc-4965-b8db-8e8ead248fcb,D,D,E
355c3cce-107e-4f2c-8180-aa904a9debfa,D,H,P,P,D,D,E
3adc10de-c20b-4549-8a8c-4b4de2f47d41,P,D,E
41b8836c-a1da-48b8-80c5-6028ecf67c26,P,D,R,D,E
48e6b5cc-11cf-464c-afc2-44096304a44e,D,P,D,D,D,R,D,E
4ba14e6d-ee58-4e56-98c3-86bd34c53450,P,P,D,D,E
4beb9c82-5175-4d4e-9ec4-af3ffc34a1af,P,D,E
55ce52e5-7879-410e-b2db-a40f49678669,D,D,E
5c4c082a-4536-4d74-9903-8767b661b3db,P,D,P,D,P,D,P,E
615e9d5f-ee17-4c2e-abdb-ef697fbf0d7b,D,P,P,E
64c88c00-f736-4360-a6bf-e5cab458afc4,P,D,P,D,P,D,D,D,P,D,D,D,P,D,E
7942ce2b-62f3-4bb8-9e9f-59943f28fa77,P,P,D,R,P,E
7bd32bbe-7049-4c24-a486-bf3f115381af,P,D,E
85f42b47-a859-450f-8631-5d64253047fc,D,D,D,D,E
9079bcc8-09b2-4646-b93d-5d52e27a3139,D,D,E
9093bea2-22fc-4067-adef-61bba762f5d7,D,D,D,D,E
91ac3c8d-4303-4a98-abf9-aed678cc46b9,H,P,H,P,D,P,P,P,P,C,P,I,I,E
98d041d0-ca78-4126-9591-9da3da9ff95c,D,D,E
99063825-02de-4e4b-99a6-198fbdd64d23,P,D,P,D,E
99f7cd43-90ff-4f4e-b6e4-9b7e93b03747,D,P,D,D,P,D,P,D,P,D,P,D,R,D,P,D,P,D,P,D,P,E
9cb9ff5f-0421-42c3-9450-4935983d601a,H,P,D,E
9d2eec48-7490-47d7-b913-9bc573a197cc,D,D,E
a1aaabdc-6b85-490e-9ab8-87e5493a9eba,D,R,I,P,P,D,P,P,E
aada3c3a-798a-4519-85cc-9d60e328228d,D,P,D,P,D,P,D,P,D,P,D,P,D,P,D,P,D,P,D,P,D,P,D,E
ac3852ff-5067-4d3b-a3e0-7d706c27756f,I,D,E
ad2d3523-2ebc-4ac2-b60b-bc8214f9eb8f,P,D,E
ae068894-b4e9-4a44-9ddd-41418b5221cf,D,D,D,E
aedac588-cb17-4fb1-8e72-580ae08bcbe7,H,P,D,D,B,D,D,P,I,I,B,E
b161784b-8816-40cf-ace5-b3dfd7c79d5d,P,D,D,P,D,P,D,E
b526a066-02a7-4576-9d81-97b50acfdc47,D,P,P,E
bad059e8-de1a-4b42-8930-08a45c47fe05,P,D,D,P,P,D,P,D,P,D,E
bdcd55af-f9ba-4924-a5d6-2ac8c997e8bc,D,D,E
c64638df-1fd4-43d1-95c8-2e2d7a4af1d1,D,D,D,D,E
c6922026-aaed-4d7b-bdea-d33cf72a63c9,I,I,I,E
c6b53ee7-ca1f-4026-adf0-51cd7ae5185b,D,D,E
ca4f3a34-7edb-446f-81c8-e9b9f6af4c68,I,I,E
cc9e3709-a213-4b14-91fa-e72879e72e86,C,D,D,D,C,D,D,B,P,P,X,H,B,B,H,E
ccf477fe-6b65-495f-b4b4-5c638258e2dc,P,D,E
d07f9882-4c7f-45e0-8b2e-4ad0f2d4ed30,H,P,D,H,E
d1059b55-5196-475b-a68e-30927cac8101,D,D,E
d143dd1d-85f9-4bbf-8f4c-a293d19e14ef,P,P,P,D,C,D,C,D,C,E
d291d066-3404-422c-8892-f652a6b4f16f,D,D,E
d37a8e0b-9ffd-4cea-aec5-660f071464f7,D,D,P,I,I,E
d6ed00c4-e9d3-49d8-a243-37782549f1db,P,P,R,D,E
dd785ed6-b39f-4233-a36e-6ab12266f595,H,P,D,P,D,P,D,P,D,P,D,P,H,P,D,P,C,D,C,D,C,E
e05f3d1b-285b-4c67-b51c-21f6f63d86e4,P,P,D,P,P,P,P,P,E
e1882779-cb02-45f7-90cd-1a6d4c12aacf,C,D,C,P,P,P,P,P,P,D,E
e3e2609c-fce4-48b1-be02-accd1e536ba1,D,D,E
eae1b2cf-7383-4862-a4d4-f16ba2647174,H,I,P,P,P,I,P,D,P,D,P,P,E
0837bc17-283b-45ce-8626-efbb3175f55a,D,P,D,P,D,P,D,P,P,D,B,X,A,C,E
08969fd8-3ba0-47b9-ad15-dcb76979207d,D,D,E
092f6eed-21af-4eb3-8aa6-1c333e09627e,D,D,E
0de52cd8-988d-4650-b735-f28caea86f91,D,P,D,E
16da5ab2-18f0-4097-a7e6-101c0efac1a2,D,D,D,E
1bf6c5a3-adac-4760-8f02-f73f2fe3deef,D,I,D,E
1e30bfa5-d2d0-4a63-a3b1-a5c3b0506499,D,D,E
221f8a4d-edf2-489f-b023-924eb36de6cf,H,P,D,P,A,C,P,P,C,D,H,P,P,P,C,D,B,X,H,E
23ce0b45-9ffa-487d-829a-8cb800e9b171,P,D,P,D,P,D,P,D,P,D,R,P,D,P,D,E
24bce3f2-32de-4335-af9a-58e7aa07bef2,D,D,E
2edbea1f-0d84-4c8e-9e21-9a8cf399831e,D,D,B,X,E
2f6a1c8d-f3c0-4d14-8c6d-9e6310259628,D,D,B,X,D,E
318772a2-ca59-47cc-8df6-89a745a95bf5,P,D,P,E
32d6005e-92fb-43b2-980b-b88d12ab2c74,D,D,E
3976e5e7-8173-4ddd-8d99-24d855eb1d2b,D,P,D,E
3b805bb2-c929-4cdf-91d9-42ac9da59e08,P,A,P,P,D,E
3bcbf2a5-ca69-4e35-a4ed-9eca6d463fdc,P,D,P,D,P,D,P,E
3bfd7851-eab1-465d-9a07-4981af6b35ab,P,X,D,P,P,D,P,E
4bb9fec1-a566-48c9-abef-980c289f4607,P,D,E
5cba1959-59b6-4c45-a2eb-f829e2a16552,D,R,D,R,D,E
5f8960cf-d704-44a8-8883-6c4809b540e0,D,D,E
622a7cc2-df98-4b87-8006-2e590e7876ed,D,D,P,D,D,C,D,B,X,P,Y,H,P,P,A,A,U,U,H,Y,E
658c615a-35eb-426b-984e-113755f61876,H,U,U,E
70062fa9-0d49-44b2-aebd-f807acbadf0a,P,D,A,C,A,A,C,P,E
749babdf-9ea2-4e79-91e6-7cd8c6bc0683,H,P,P,D,D,P,D,C,D,D,E
779b5e28-adc0-4f30-85e8-2fae4d317610,U,L,U,U,U,U,U,U,U,U,H,E
7ab975f0-4c23-4601-bb70-4d3d58dd8862,D,D,D,B,X,P,D,E
7b4047ad-693b-4cd3-90e3-430421958cbf,P,D,E
9195727f-c5d0-4b8e-966c-f3a952682fde,D,D,E
93f333d5-f2d0-4c83-86cd-dc71c2ecf62f,P,P,D,D,R,P,D,P,D,D,P,D,D,P,P,P,P,D,P,D,D,B,X,Y,E
98a5009a-d0de-4dfe-a47b-928a0507bf26,D,D,D,D,E
9c1a3b20-7a4a-4707-ad74-64245e05fdb6,I,P,E
b2af5063-002e-41b2-b25a-2d18d269f3c8,D,D,E
c309d7e7-b542-47a7-8836-26405644cf81,D,P,D,R,D,E
c43c4a7e-480c-482b-b238-021a6e6b9866,C,D,C,D,C,C,D,E
c4765c64-cb33-4a51-abe9-2e86bb39cc9a,P,D,P,E
c5a37d15-969f-46ed-8b67-7971159bfeb9,D,D,E
d66d5e2c-038a-4ce2-bd5c-a22736d414a5,D,P,D,P,D,E
d66d6fd1-a66f-4e9f-8eb4-33b495d0143b,P,P,E
dc5db4d5-024b-4145-8222-941b2e04e838,H,P,D,E
ddefb8e1-5b3a-4e8d-925b-19422c8a6ae7,H,P,A,I,I,E
de748ebf-42a0-43b2-8ad6-d96a3d6cd7a7,P,D,C,D,B,X,Y,P,E
df56ad0d-ede8-43f7-a581-1e6e69a51110,D,D,E
e0ad2bab-6f18-45a1-a4c8-cc5665900da3,P,D,P,D,P,D,P,D,P,E
e2ca64d1-364a-4623-8a47-fd41777cb56b,D,D,E
e52c8573-0278-4e68-a3bc-7821624fcd56,D,D,D,D,E
ec47d70e-e229-40f1-a317-d2f674e157da,D,P,D,P,E
ed93ba3f-37e7-4af2-873d-6e4047e94fc9,P,D,P,D,P,D,P,E
f1f29d46-092e-49f8-9389-9e06094fa967,D,C,P,C,H,C,C,D,D,C,P,P,E
fd54ae3c-2250-4f94-b2d5-ee0f21420d06,P,D,P,D,B,X,D,X,B,B,E
fd597134-c9d5-47de-b797-fd39a1836319,D,D,E
fded0767-4a3a-4c44-b526-6cba9a55a85d,D,D,E
005e30f7-5cc4-42e1-8fc6-fae37636f19c,D,D,E
048ce137-a4be-4bad-89c6-b6fbc4297d91,P,D,P,D,D,D,P,D,D,D,P,D,D,D,P,D,R,P,D,C,D,D,P,D,P,D,P,D,D,C,D,D,D,D,D,D,D,H,H,H,H,P,X,R,X,Y,E
0586b46b-8d5e-4646-b4e3-cf045c11a9f2,H,P,D,C,D,C,P,D,P,C,D,P,P,P,D,R,D,P,P,D,P,E
085dd4b7-aaa1-4635-b3fb-674c977b9ecf,H,P,E
09c6cff6-885d-4ed6-8a66-1ab691bc498c,D,D,B,X,E
0a5b23ee-455d-4326-a0ba-865159035ac9,D,P,E
0fdc010d-6a5b-437b-a6ed-6935081d1724,P,D,P,E
1053c41b-82a9-4da9-8b6c-a98bcfd1cadc,D,D,E
138653f4-6dda-4edd-bf44-ef3b53d84e84,D,D,D,E
13b081ae-ad3f-460c-939c-e1bf1d572bbc,D,P,D,P,D,D,S,D,E
196367ac-9e64-4860-9b47-c929928bc74e,D,D,E
2ca20c49-5283-4dad-97ff-307f028c28c7,D,D,E
2d548400-cc93-411b-befc-707671c482e2,P,D,D,D,P,D,D,D,P,H,P,D,E
2f55e577-6f52-4420-a850-24a40a0393be,H,P,P,P,P,D,P,D,P,H,C,D,C,H,P,A,E
31b74e77-1fa4-4f4c-9126-430816c1b283,D,I,I,E
320f2611-ff10-4815-8bf3-b4244979af50,H,I,U,I,P,P,B,X,Y,E
35e5942b-5bc6-4202-a448-a152fe5630e5,D,D,D,E
4019ef8c-46df-4d4c-ae41-5aba9f68a15c,D,D,E
42b70120-592d-4af4-8889-9383f13b0c15,D,D,E
452c586e-2512-49cb-9792-15dc142ff77f,P,D,P,E
45e23028-ae76-4125-8f02-fdbe916fbf9d,D,D,B,B,B,D,D,B,X,B,D,E
487f0d27-20e5-4ca4-8592-3fd5771c63d0,P,D,D,E
4f3acc8b-bb91-405e-ad13-367200003126,D,R,D,D,B,X,B,D,B,B,B,E
5f76b6e1-abf8-4552-9818-83876b574a38,P,P,P,D,P,D,R,P,D,B,X,Y,E
5fb02475-4cb1-4a7e-82df-e61459e5adc7,D,D,E
68e2517d-71e0-484a-937b-640d75c772fc,D,D,E
6fb9877a-cd49-4c82-9250-7330cb6e51fe,P,D,R,D,R,D,E
729ab2a5-3183-4b3d-98df-4c719fd85150,D,D,E
72b8e44e-7b16-4823-a1b8-5510282bb32d,X,R,X,R,Y,P,P,H,C,E
84520e6e-59ef-481d-a0fe-83fded61a794,P,R,D,D,C,E
8a410766-915c-425b-9b09-bcdadef2f891,H,P,E
8cf6cd16-80b9-413d-bcc4-b846669fab75,D,D,C,D,D,E
8d4638d2-bac3-45e1-8d51-3683f4b7b2ae,D,D,P,D,P,D,D,D,P,D,D,B,X,P,P,D,P,D,C,D,D,B,B,P,P,P,D,C,D,D,C,P,D,E
93c3d4b0-e1d8-4970-98ac-b5b7be059ea5,D,D,D,E
9f7329c9-1d23-4686-8363-11287b44c4aa,D,R,P,I,E
a94da02c-4096-45a6-9326-3faa8ffd1132,H,P,H,D,P,D,B,P,D,B,I,D,I,I,B,D,E
adbb6cbf-9573-4ce9-a233-b707efada8d8,H,P,E
b53e9066-de9b-48f7-864f-e05c8bd974c0,D,H,P,D,B,X,Y,R,D,E
b8753834-e71d-4619-bae6-bb544cf3b883,D,D,E
bc8c450e-cdb1-4cfc-9f05-4d6251686d01,P,D,B,X,E
c6530faa-6912-4d6e-ad5f-0e931856ee17,D,D,D,D,E
c94ddc24-2aa8-4d3f-968a-65c22dc678f0,P,P,P,E
cc9ae8db-0990-477a-9528-0057bd0f8590,D,D,B,X,Y,R,D,E
d323b90c-616a-4c2c-85c2-59a7277910fb,D,D,E
d9d5d520-4136-4aba-aa7a-c77cbd16867d,P,D,E
de19d12b-82a3-4a2b-8aeb-8cb8d870df3a,D,D,D,D,E
de2dbe50-f2db-465e-90af-e2d423a58c1a,P,D,E
e2667ff7-3c8a-4326-ad12-7e7dcfec3460,P,D,B,X,P,E
e508f6df-50a0-40c4-989f-09621f123f99,D,D,P,E
e7450ee0-716e-4cc2-bae7-f1bfaa25454b,P,D,D,D,E
e9d2ede1-b82b-49ac-8d4e-1740a3843b27,P,D,P,D,E
eb2764eb-cde3-4358-9732-f931026ba030,P,D,E
f28ea890-67b9-4d8b-a974-966210af39f0,P,D,B,D,E
f35b77f0-5198-491c-8635-875b33e74db4,D,B,X,E
077e05f3-63d8-4889-b8d4-8db98b8a3ab0,D,D,E
0bae6e2a-f647-470e-b5d1-fec26d2ba05b,P,U,U,I,E
19936a20-9631-4a42-9be1-42083227a9e4,D,R,D,E
36b5ec72-62d7-45a6-a5df-788f6dc7c5bb,P,P,P,P,P,P,P,P,D,P,P,P,P,D,P,E
3835c911-6afc-4c36-8f6d-96e5f27685b9,D,I,P,P,P,D,P,R,D,C,I,E
3e494ee6-0da1-4386-9d29-b1cf55f61b9a,D,D,D,D,E
3fc2e017-278a-4f1e-a063-9fa14d1535a2,P,D,P,P,R,P,P,D,E
45cdc5ea-8d4d-4cb8-9903-110515dfc01e,P,D,P,D,P,D,E
46a9a275-d8a2-4871-9044-3af74f503c00,P,P,D,P,E
4c06c715-e63e-4b67-be4b-2dff98e9c4a5,U,U,R,Y,U,U,E
61024dc4-d48c-4d25-a04b-b2fb03f8cf0e,H,P,D,I,D,D,P,P,P,D,D,D,R,D,P,D,D,H,P,D,B,X,Y,X,E
6573c5ec-51b4-41f1-9bc0-6ed3c45ada9e,P,I,H,U,L,H,U,L,I,I,U,L,U,I,H,U,L,U,U,U,L,U,E
6643fe53-7955-4580-92b3-870b3d3f6203,P,D,P,E
6937b3b4-9e83-4919-8924-45bec2357b06,D,D,E
6fbbff02-af02-4478-8f86-3c1df58705a8,D,P,E
751158d8-5cfe-4305-a8fc-e22a256e79a6,D,D,E
7637a900-4b16-480c-acdb-0037d32eae32,H,P,H,P,D,P,E
76d34345-1d6a-4aa0-8d04-1c142fc3dde3,D,D,E
79bcd361-7b2e-4560-8e9a-ee20c36d9584,P,D,P,D,E
7c7702fe-731b-4741-9d31-ab70fccc80a7,H,P,D,D,I,I,P,P,P,D,B,X,E
855a79a7-9cf1-48fe-a01f-55df81383710,D,D,E
90dfcfa1-6e29-423c-8a1f-0f39af4b5735,D,D,E
966def9c-a287-4215-b876-7a9256a77505,P,D,D,D,E
a4106535-15da-4741-9838-74682a66b2f4,P,D,P,E
a6c33b0b-d66d-4b7c-8da8-e70aaff9540c,P,P,P,A,P,D,D,R,P,P,D,D,P,D,H,H,P,D,B,X,E
ac0f7639-82d5-4eea-a82c-9c009e42b88c,D,D,E
acc508e7-ff05-48ff-932c-c6a88b4179e2,D,C,E
b3483fc3-dc67-43fd-b899-c1b40b8d59a5,D,D,D,E
b41491d6-1e70-49b8-8c1a-5bd91686cfde,D,P,E
b4d0674c-8fdd-45e7-b8b6-290d134488d1,D,D,E
b9e35d22-145d-462d-8f43-2ecdcb5677b4,P,D,P,D,H,P,D,D,R,D,E
b9e84966-912f-4d31-904d-e553d0d4bc6e,P,D,P,D,P,D,D,D,P,D,D,P,D,P,R,D,D,R,P,E
bbe468c0-788a-4c81-80fa-3270069a9fa4,P,D,E
be9c2f43-b442-4f1e-931b-08f8cc1e4d6e,D,D,E
c6f9e3d1-cf2f-4117-947e-d93d8c89961e,D,D,D,D,D,E
cb5d6473-ff1c-422a-bb47-d76971508e46,P,P,D,B,X,P,D,B,X,Y,R,Y,E
cd0373b7-0218-490b-a80a-10e5a9e75e91,D,P,P,P,R,P,E
d751e04c-6a53-42c8-8e2f-bc61e8180331,P,I,D,P,D,P,D,B,X,Y,E
dd480c5b-fd0a-4f50-8d34-618465c78442,P,D,P,P,P,P,P,C,D,E
dff9898b-a45b-41ce-b0db-160c15ef4ed1,X,P,D,E
e1b822fc-a1ff-49c7-bb7b-9129e791547f,P,P,D,P,D,P,P,P,P,P,P,R,P,P,E
e58d9b87-9cf7-4d32-8bf0-e2a3333505a0,P,D,E
f03216ed-0886-4646-85f4-15f5670012f3,P,D,B,X,Y,E
f613929e-16e9-4fce-b2b2-2d9728537e8f,P,D,P,E
f8c9e312-e1b9-4b09-93df-ed7b1863e57d,H,P,E
f9240d99-5656-428c-b3c4-921aab727978,D,R,A,P,D,P,P,P,D,C,D,D,X,Y,E
f9fd4d0a-73f5-4acd-9643-f8f9b11862d5,D,D,E
03831161-74f4-49c0-841b-f9fcdb984f68,D,D,E
05a9d886-dabe-4fd5-94d1-d76d00f87f60,D,D,D,D,D,E
08c59a93-d668-464d-a625-866c48f88c9e,D,D,E
0bfa2a2e-a50c-4c6f-8147-fa50c3a80179,P,D,E
10930933-8ce2-4efa-925a-d1db1300536f,D,D,E
11d30aff-7df1-4dee-a106-06703ecd23c8,P,P,P,D,E
17552402-d350-46c4-94f0-b1bfae14f374,D,P,P,C,D,D,B,X,Y,E
1d7c9a8a-786e-4489-abb2-6cd472e45345,H,P,E
2562520d-a8c9-4f5a-aaee-0c0cac9de511,D,D,D,E
280f28b2-f2fa-478c-b4f3-e8dac3c776cc,D,D,E
2ab57f1b-a29a-4e6e-97f5-2902a785f657,P,I,I,P,D,B,X,Y,P,U,E
392a8b99-95cf-4d77-aade-c1f56cdbad3a,P,D,P,P,D,E
3e4b5b6c-83a9-4525-b59c-85309ab6121f,P,D,P,D,P,E
485c2724-a490-4340-8ddc-50d40ed68711,P,D,E
50534db6-64ac-4cd1-81b1-047996fc1d51,D,D,E
576266a6-f8ff-43ca-9047-f2e60115a689,D,P,E
5adec0d7-de98-4261-aecb-504987eac73f,D,D,E
5dca630a-e0f0-4111-98fc-42088bdd43b2,H,P,P,D,A,I,I,I,D,B,H,B,E
64712276-93e5-4968-a12a-8e75b95a4089,P,P,P,P,E
6986ae45-00c7-4ede-920d-adbc4d5820c8,P,D,C,D,D,B,B,H,H,H,X,H,D,E
6eb59564-a05c-406c-9048-9a54e299b076,P,D,P,D,P,E
7a5fb799-ecfa-4789-88f9-45c71baa620a,P,P,P,E
7f598621-9c7c-4c91-b41c-492549810ca2,P,D,D,P,E
7f63cd4b-6a9f-4a6b-addf-727df83fe6a3,D,P,P,P,P,P,H,C,D,P,D,D,D,X,Y,R,Y,E
7fead225-f3f0-4391-91cc-152ec3bf2467,D,D,E
8047a336-da88-4be0-a30a-39c212e511cd,D,X,E
826c46b7-cbce-403c-a05b-f962a98f44b7,P,P,P,P,D,D,B,H,P,D,D,B,X,P,X,B,D,D,C,B,C,D,D,B,X,B,E
832dd9ba-5e4e-410b-9f53-6255881081d9,P,R,P,E
862f5217-dc87-4e22-b86b-a31af03c01ba,P,D,P,E
8b8da88a-2863-4e7e-a306-d73a94bac5ce,P,D,E
941eece6-202e-4305-b9bb-3fadc7479fc6,H,I,H,R,I,R,H,E
9666992f-1274-49e2-8358-b38187fe6f77,U,U,L,H,U,U,U,U,U,P,H,E
977bf7cb-3d79-4c35-bb74-31cc4501d550,D,P,D,E
99faffec-947a-415b-bcd1-ad47d2ef2036,P,D,P,R,P,E
9b8f8a7a-d510-4d10-8666-11abeaca6efb,D,D,E
a0d6444b-cb08-42fe-b570-6e3895a00b68,D,D,E
a3d9ad22-92c9-492c-b8ea-854a488beff1,D,D,E
a43edcf6-56f5-4d1d-be66-e21ba6d52b09,P,D,D,B,H,C,P,D,D,P,D,P,D,D,P,D,P,D,D,X,Y,R,Y,E
aafdeaaf-dad1-4748-ba1b-b7a0da7ad984,D,D,D,E
ae680c80-911c-4359-98c8-9508e826e009,D,P,D,D,B,X,P,H,X,H,Y,E
aff214e6-c267-435f-b58d-eba50c3b1cd5,D,D,P,E
b03bc7ad-4f88-4f14-a814-6217a97c4b8c,P,D,D,D,D,E
b1218a34-a655-4e4d-a739-345292501afd,I,R,I,E
bb5834db-00f4-4e28-a0aa-2bf5417848b4,D,D,E
c5cb3f88-4df9-460e-928b-11b2347ea547,B,H,P,P,D,P,P,R,P,E
d1d0486f-3b6f-4333-acd7-de9673df610c,P,D,B,X,E
d5a7bfb4-5339-41e9-b0c2-64d5b76ef069,D,D,D,D,E
d66ba9a5-1714-4dd5-b7a5-7d08cc2a1bd1,D,D,D,D,D,E
d76d9197-6735-4705-8110-a252beeb873e,P,D,P,E
d874f4b1-7873-47b0-bd08-70da1b67b2a1,D,P,E
ddee0f70-9e65-4f46-9c39-162cb913f01e,P,D,P,P,E
e16531b0-d673-44fe-adf9-3cc9567d60fc,P,D,B,D,P,E
e25f2d61-fdf0-4ef4-90a8-066f22e0294f,D,D,E
e4569f56-a06b-4753-af69-2717844dc1d8,D,D,E
e8ba5f43-3125-41b4-af59-8c6de8d7c318,P,D,P,D,P,D,D,B,X,Y,E
eb352931-b9ce-48a4-91d0-c6b2403529a3,P,H,P,P,P,P,D,P,D,P,D,P,E
ecd7673e-18ac-42eb-b214-f54b86dad833,D,D,E
edcc8d5d-f4dd-403e-ad08-0c9dcd0d846c,D,P,E
f39b1b39-b6bc-42af-9e5a-307065ca89f5,P,P,P,E
f8fbaa0a-f256-476c-9109-b3641bad2c75,P,D,D,P,D,D,P,D,D,P,D,D,E
fc0df74c-7827-45dc-9168-c8ea25341b45,P,P,E
fc847174-f318-4bf5-80a6-4610b38daeee,D,D,D,E
fcfd0510-c5e5-4edb-8067-cf956e823a69,D,P,D,P,D,P,D,P,D,D,E
fd89dcb8-6841-4583-a7a1-af164cf3fef4,P,D,P,D,I,I,R,I,R,I,E
fddec0a4-11c2-4e70-a814-a4d873cd9711,H,P,D,E
0a7ea46a-19e7-4728-9a1a-e9a601cc7b65,P,D,D,D,C,D,E
0e4cb494-cc8f-4be4-a89d-923eea7bee92,P,P,P,P,E
10cdf7dd-9ace-4353-b73e-9962b88f3578,D,D,E
116ade57-bde9-4b17-b805-d50655252dac,D,D,E
15915569-ae7b-4ec3-8c0e-96dea762ccd9,P,D,P,D,B,I,X,Y,E
1f6cc2b0-3659-47c2-979b-58c1a103f8cd,I,I,E
24b87ef6-3860-427e-8c05-ea5cb4e14ff1,I,P,E
25506a3c-4282-4945-8091-c2bed5a06ab6,D,D,D,E
2eb37eda-7f1b-45c3-9e05-bfd54d427015,P,D,B,X,E
2f463f70-8a61-4f94-a4e3-35ec9760dd8b,D,R,P,D,D,I,D,E
332c8d44-c669-475c-beff-c155b43447b2,P,D,P,E
368956a9-89da-410c-a515-72e530ca85af,D,D,E
3c50337b-5aaf-4b29-ac04-d8d76dc04e88,P,D,P,E
47fcb82e-9a71-47b0-af01-0c3f1fbcf14e,D,D,R,D,E
48d5e58c-745e-49a0-9b98-e00d1b946dc9,D,D,E
49c7b4bb-eccb-4b9f-ac3d-5980279cd5c5,D,D,E
4dc0d1a7-bbef-4b5b-8464-30ab399000ee,D,H,P,E
525506d5-b19c-4096-9ae9-c11ea72b9007,D,P,P,E
5b9ecc75-16a3-455c-addd-7544f2bc24b3,D,D,E
5c16588e-c89d-4d9c-9257-89109e3c49dd,H,P,D,B,X,E
641ea9f8-ecf1-41e6-bfb7-b1aeecae5645,U,U,U,E
681a0efe-74f5-4b76-aa1c-5ebed8bab244,H,P,D,P,P,D,C,D,D,P,E
6ad2185c-8ac7-42cb-a906-e0efaa88caf4,P,D,E
7ff3bb37-6ac9-470a-a7fd-c5c4e1722288,D,I,P,E
869f5ea7-1d59-41d8-beda-ffc1579f5008,D,D,E
8b2faae7-1c90-498e-9c9e-ff2c8ee7aec3,D,D,E
901e8626-cd83-47dc-b774-37eba7daf34f,D,D,E
91020322-07e4-44b7-ab80-dcec2efaeabf,D,D,E
99acf15d-0b28-4192-a844-52758874efa9,H,P,D,P,H,E
a936a0fa-e561-413f-af2e-9e46adf06c57,D,D,E
a9a84362-6c42-4f36-89a3-02c4d7b32bae,P,D,E
b32ecce1-7599-467f-b32d-b9e19f0136f5,D,P,E
b48a401b-3835-4847-b069-fe0018807da4,D,D,E
cb5ae9cc-65be-4196-a48b-1a203a9f06d6,P,D,B,X,A,D,P,E
cf6fd0ca-34c9-4d96-91b7-95ffc803c4e1,H,C,E
d1d7fbea-1559-405a-9511-08cc9609294f,P,D,P,E
dcce48e4-3119-4fe4-a926-c4706227b16f,D,D,D,D,E
e05306e4-c24e-4e82-bb2e-0c51e2e8471a,D,D,E
e2280dc2-4b59-400d-b420-5ec7ea3c196b,P,R,P,E
e3e3248d-b81f-4b22-9357-a914af7fa019,D,D,D,E
e7bd35ab-4ee7-4129-8920-cd84dd3a35c5,P,D,H,P,R,P,R,H,E
e9278b4d-4ce1-4f2f-b8f2-3654ee89180d,D,H,E
f1ef8467-5e44-4c32-a4c5-5c769f6527e9,D,D,E
fea24089-9eee-47eb-bcbe-5cd5d893b19c,D,D,D,E
08c73b19-bdd6-4b22-bf3f-d9dc6b9b0382,D,D,D,E
0994f59c-f70f-4ac7-8323-fbc799d61a77,P,D,P,D,E
11313252-6a43-4d69-a9f7-d44d25b4be0b,P,D,P,H,P,D,E
1b46cbe9-490e-40b5-8223-952c661ebca7,D,D,E
1ee56745-55ef-4170-882e-5cd06c5631d8,D,D,E
24dba426-4ca0-4703-8ba0-a731b43c8d33,D,D,D,D,D,E
25610673-c4e3-47a9-9101-5b55a9f60224,P,P,P,P,E
2981859c-9be6-4dd5-9465-f8d427a6c928,P,D,E
2c1e04ba-0bca-4caa-8828-98f6c2808613,D,P,P,P,P,P,P,P,D,E
2c44bbe3-1d14-4eae-a588-6c8eafa921e5,D,D,E
3045ceb0-9f88-40c1-9707-2e52cd773034,D,D,D,E
31aa1443-0814-4a9a-9a1a-94918a073b71,H,I,D,D,D,D,P,B,H,P,R,H,X,E
333f84f3-c273-45c2-8c89-4a1ea07ef70d,D,D,E
34235193-1103-451a-aa33-4445dce65614,D,D,E
3baaaa4d-245d-4a1d-b8b9-5aeb67f01e5e,D,D,E
402e1790-124b-422a-afee-0327835f7d71,D,D,E
44880f61-7ba3-4acd-8c4a-8c0dea30b72f,P,D,D,E
472f1c6d-e825-4a82-9ac7-4b729af9dc31,D,P,D,P,D,P,D,D,D,D,D,E
4789cf3e-f0ca-49a2-be3d-1d217cca1be0,D,D,E
4896f02b-e91d-4cd9-b8c1-d44aac2bd8fd,D,D,D,D,E
49b35e9d-9e7f-4725-89f4-0f9142153165,H,P,P,D,P,P,P,P,P,P,P,P,P,E
51d900d6-4548-47a0-9c2a-08e863fc55d1,P,D,P,D,E
5c02081c-e72c-40cd-a6dd-445015a80395,D,D,E
60bcee18-98dc-4f0c-b36f-cc5e8c1100db,P,P,P,D,P,D,D,E
620eee5a-4d73-4695-b6b2-322296541059,D,D,D,P,E
65398365-d7df-4434-9a49-0d5569986736,D,D,D,D,D,R,D,E
68a79de1-9015-477b-84bf-54e28f216688,H,P,D,E
6ea8deec-75aa-4f9c-b406-b4cc6c70ad59,D,D,D,R,P,D,B,X,Y,A,R,D,P,D,P,D,P,P,P,E
70079d79-4851-4718-bda0-7a43998ac8ce,D,P,E
7439c3fb-8464-43a7-b39e-d409e0f178a6,P,D,D,D,E
75cf74c7-a2b5-4f93-9a1d-78d65b0dba21,D,D,S,D,S,D,E
79e5538a-f55a-4aba-afd6-900d15888215,D,D,E
84e947d1-c17f-4820-9c82-48bfe8f8e98f,I,R,C,E
908f582f-d949-4263-bd73-eb727a2ba536,P,P,E
943d8c61-a6af-4e5c-b4f8-15c1584104ec,D,P,D,E
98657a30-7498-4055-876c-3984d9e2d426,P,P,E
9afb23e0-dbb1-4e77-b0c6-904111adbf9e,P,D,E
9c3fcac2-9656-4837-9279-06b1efab3625,P,P,D,E
a6eabfb2-cc62-4a6f-9473-210da5c26a8c,P,D,P,I,U,C,A,C,I,P,E
a84359d7-6d47-4249-8623-097e538a05aa,P,D,D,P,E
afb5a931-3d3d-4b3d-9244-5a64adc17b55,P,D,E
b148003d-1b66-4782-b157-2b742819f59d,P,P,C,A,P,I,D,D,I,P,D,R,D,E
c41c70e4-ae02-491a-9a76-12a923c5818f,P,D,P,D,E
c5af1532-707a-4273-ba80-bcc8227c171a,D,C,D,P,E
c7740d37-147c-4edc-b807-57ec29ae703c,D,D,E
c8c2796b-ddc9-4c5a-aebc-0df43ce495ca,D,D,D,D,E
c966d9df-a32f-4897-85a6-05e38559aa46,P,P,E
ca21b26f-40f8-4fec-a173-3a97d8b802a9,I,C,E
d352198b-1c4d-4d3c-ba20-1eb61e95c317,H,P,H,P,E
dc1058c1-fee6-4d18-a089-bbf04df8280b,D,D,P,D,D,B,P,D,C,D,D,P,D,D,D,P,D,B,B,B,P,D,C,D,P,D,D,D,P,D,D,P,D,B,B,P,D,D,B,H,P,H,P,D,D,B,X,Y,E
deb2d117-4ad4-4894-bb5d-80a91d49d958,H,P,D,P,E
e2dba0bc-8d17-4e1a-a9a3-b3a0e0cbdebf,P,D,P,E
e4d15f72-2d45-4e49-8fb4-b3f56d36123c,H,P,D,E
e5c21e74-4471-4033-9132-5d64fca1684e,P,D,E
e820a282-0fbd-4fd0-b781-a43cc00452bf,H,P,D,P,D,P,E
e9d9ffc5-8030-441a-b99b-6008d42196eb,P,D,E
ec8bbc76-c788-4221-907a-95287e7ba0fb,D,D,P,E
f2c55b4f-efdd-4cac-bc45-30ee3032e0c1,H,I,U,L,I,I,I,I,I,I,R,I,E
f471489a-7e2d-436a-ae51-6c44198ff812,D,P,E
079ba7ea-a60a-40fc-bf16-bd0bb2ce47a1,P,D,P,E
14719f97-adcc-4470-8308-54544bcb7f45,H,P,D,R,D,P,D,B,D,B,D,B,X,Y,E
21706c23-dcf1-4df4-b5e7-367c85c5c929,D,D,E
22651804-4b01-46ed-9994-0e01285ba87c,D,D,D,E
290a8fc8-5dd6-41ed-80d1-82d6b083003a,D,P,D,E
295ec1e1-b254-4540-b38d-b159e39af562,P,P,P,D,C,D,B,H,X,I,C,E
2a7aca03-61e6-42f1-a2f0-b1d9cbac82ff,C,A,C,D,D,B,X,B,E
3d9d1925-c02d-4d4c-b593-524a95cd061d,D,D,D,E
401d635c-2a01-4bca-b139-90e9fe4af36d,P,D,D,B,X,P,X,P,X,Y,E
45908927-4140-490c-9523-96504ab2fcb4,P,D,P,P,R,C,D,C,D,E
5a6ff54a-6006-4141-8287-22cdd553f1fc,P,D,E
65a4a125-81f8-481a-8d2e-8d455012b98e,D,B,E
7119ff11-a860-4944-b2dc-e3f587cb20e0,P,P,D,P,D,D,U,U,L,P,D,C,D,B,B,X,Y,E
764867aa-cd82-4a62-bc91-3259ad7c139e,D,D,D,E
816b1400-3b7d-4730-8f3e-0d7b166c3cae,P,A,C,A,C,E
8310985b-9154-4052-b6af-6bded68d4f07,D,D,E
89ea6428-b561-45b1-a188-1358bd87d59f,P,D,P,D,P,E
8c4c463a-4ce1-4eef-ae61-0ed419b7e805,D,D,D,E
8dfb98d9-932f-4b3b-9f24-48dd6009b574,P,D,P,D,D,D,E
9b301c4a-262b-4afa-b236-f414dc238b9e,P,D,P,E
9d8718a3-db3a-485e-b97a-ed7fd27aa60a,P,D,P,D,E
9f445f5d-2ac2-4f3f-b262-1a570111a610,D,D,E
b1c229be-46ad-476b-bc1d-63af07a19659,P,D,H,D,P,E
b531c9c7-7292-4826-9f75-312763f880ac,P,D,P,D,P,D,D,E
b55bc860-2e05-4c6a-b385-b195bc8be79c,D,I,D,E
bac83462-c4de-4c68-b3c4-9a40ecfa7fdc,D,D,E
bd50c163-a1a1-4c10-9789-218e7f53e000,D,D,D,D,D,E
d29225f7-ff6a-4ef3-b496-17ec21429435,B,R,B,E
dcb68650-0ec1-47f2-88b6-eb7783029cc8,I,R,I,E
e03fca31-0268-4702-85e2-a15eca632cda,D,D,E
e12b55ac-4762-4c74-b106-dda4c9ca0f89,D,D,E
e24f9567-9d79-416f-9402-41cb255359d8,H,I,D,I,D,D,E
e2f16752-9510-4c6f-ba2c-c648599ee514,D,R,D,E
e3bcff33-2510-467d-a9e4-2a5ae1402633,D,A,D,E
e4e8de15-6a12-4c27-ac5a-0d3c1def6bbf,D,D,B,E
fd13bcb5-02a9-4f9e-ba1a-41f2f7c559d1,P,D,P,D,D,D,P,D,P,D,D,D,E
fe3cafe6-f541-4274-958f-72a5ede93c1b,D,D,E
ff67ccab-2b38-4fea-ba00-f2566b7f62e6,D,P,D,E
05556b1c-81d9-4920-8f9e-be26bdf57d33,P,D,P,E
067fdb24-9030-4733-b86c-062e15177ff6,D,D,D,E
0b18dd13-6c28-4e82-9253-97d61e3a7895,P,D,D,P,D,P,D,D,D,P,D,D,D,P,D,P,D,P,D,D,D,P,D,D,D,D,P,D,P,D,P,D,D,D,D,D,B,H,P,D,B,D,P,D,P,D,P,E
0ff36906-56ce-406f-9d9a-0e096a3f173d,P,C,D,D,D,C,E
19651c9c-bc6a-4b0b-9ad2-78fe63de1f19,D,D,D,E
22f3fa7d-d3f0-45ce-8896-25a0b24e14cf,D,D,E
23d560fd-78cf-485a-a114-34ad137c782f,D,P,D,P,D,R,E
25f7165b-2c0d-4797-899a-b4fa4fa14a2a,D,D,D,D,E
27e73323-d1f3-42c2-a51c-83884d705267,D,D,E
3237e184-5f44-4326-8c33-978d0bd2c3f0,D,P,D,E
33da1ee7-cf02-4eff-99bb-00a18eb11c96,D,D,E
466a14e2-e406-4fc7-9856-d3c01db32a97,D,P,P,D,P,D,D,P,P,P,D,A,C,E
4a46273d-1b16-4480-a842-f1beaa054460,P,D,P,E
4df39f69-82d6-45c7-8666-ba71a4832be7,D,D,E
4ffca41a-79a4-4eb0-9ee3-b8b854eaa752,D,D,E
54ea2474-aad6-4803-80e8-27c5b6dc5c04,D,D,E
5e6ec925-8f41-4147-86eb-de13a6409d9c,P,D,E
61d6703e-b274-4e06-9bf8-12434403f78f,P,P,E
6d5d3980-6f1d-4a9f-8ca5-14fb9b8a62b4,H,I,I,E
772dd66e-44f5-42db-ac29-43b331509cb5,D,D,D,D,E
7d709c18-6376-47f2-b3f4-e4d8a9a725fe,H,P,D,P,D,E
80028c41-768e-4b73-8428-dac498a8a2ef,C,R,C,E
80cb63c5-4545-4601-8154-482c45e7ca96,P,D,E
8159feaf-5e4e-44c3-a00f-321de2435e9f,P,C,P,D,P,E
826d037a-f3c2-4a5a-a106-bd2d62cf84f7,D,D,D,E
85a26262-8e53-47f1-92af-afb8df40ac07,D,D,E
8ec66373-4cc5-47a5-a916-60dab5ad7d7b,D,B,X,E
8feced34-32c4-41ac-9047-1d0c8f9d8f83,P,I,U,I,I,P,H,I,I,I,I,E
920fabe0-0039-4364-90e0-ef145219d1de,D,D,D,D,P,E
936ae490-cab1-4f77-9889-e20479fc33b1,D,P,D,B,X,Y,P,E
97073b80-b343-4a8a-90b3-af0ebc5b9d10,H,I,H,P,E
97d11328-b7bf-406b-9644-b739ed50d25e,D,D,D,E
9b68148b-6406-4e61-bcc3-3fc4d3ebd5f2,D,D,D,E
a2510163-9253-46d4-92e3-c61fea867b87,D,D,D,E
a280280f-2976-4cba-af8d-f87cf8709dfb,D,D,E
ac1739ed-aa70-41e7-8242-cf37e259165d,P,D,D,D,P,E
ad32bdde-3031-458f-8c4b-e03321a02218,P,P,E
ae0a0830-8f06-4b7f-a4ff-5a3cdd6714ee,D,D,D,E
c6cd6bfe-861b-4de6-8b21-aa429d12a623,D,D,P,D,E
c6e541fc-2402-49b1-8acb-35e8d43ab317,P,D,E
c740bbd4-0f87-4f30-8a31-59159f01f705,P,H,I,H,P,E
c80b9c83-545d-494a-8797-6673800ea840,D,I,I,I,I,D,I,I,D,D,R,D,E
c86c9c87-6af8-448f-a791-61ac80e9bbd2,D,P,D,P,D,P,D,E
ccb5db34-e840-41ee-a11f-3387aa9059f3,D,R,E
d468ffe7-bd53-4a20-a9a1-352fc9ae2eb0,P,D,E
e0bc9462-909d-4be6-aa5a-9c2fe2ff41d1,P,D,D,I,I,I,H,P,D,D,B,X,H,P,H,P,C,D,C,D,C,B,B,H,P,C,D,C,D,C,D,C,D,C,R,D,B,X,I,D,E
e2303322-3a41-4efa-8c6d-37ebbfc134dc,D,D,E
e5524e3a-b821-418f-bd82-c9d04356338e,D,P,D,B,X,Y,E
e566c6ae-5ef5-41a6-81ba-8db41466ae30,D,D,E
ec4ada04-463c-45a7-93a2-714cf84278a9,P,D,E
edc1fe24-fc58-475d-b49e-6cddc45ee4d5,D,D,E
f4b96366-2ae7-43a5-bb46-2a9f2de5e61e,P,P,P,D,B,X,E
fdc0b87e-c72a-40e2-8048-230ab2757221,P,P,E
1447ff73-e6eb-4d18-869d-ff5f8b6f591f,D,D,E
14dc4464-447e-4c38-bec6-e224a52788f1,P,D,D,P,D,P,C,D,D,B,X,E
18aa5fff-52eb-4e25-b34d-a0956315a5f1,P,D,D,P,D,P,E
1fbd64f6-2899-426a-8d95-2ca22fc9109b,A,C,E
20e22079-4dc9-4b72-b173-a99ae2ed6727,D,D,D,P,E
21a60b76-7d34-4075-b6cc-883728f79dc1,D,D,D,E
23e56122-10de-471a-a6a1-8eecfcde938c,D,D,E
2639a9ee-00ac-4c4b-9851-a666e7c9b4f8,P,D,P,D,E
26501534-328b-4c9e-80ff-1b95bdb3159d,D,P,D,D,R,D,E
34cfd573-2d06-4f45-a708-a6a5b2737c0f,D,D,D,D,E
3e36e69b-4d9e-4b8a-b5b4-b86546e72223,D,D,E
406fb54a-125e-4ae9-b6f2-3846fb8dbb2a,P,P,P,D,E
5705ca48-b934-405a-b36c-78b768b70b61,D,D,E
57477920-2c21-4a71-a73b-4fca6b60d97c,P,D,P,D,P,D,E
5eb1e617-765f-4a54-9644-6d59b712a206,D,D,E
5f5fbe46-1a7c-4ffb-84f3-ed1bd940084a,H,P,D,E
614d75a2-6c64-462c-b21a-4f1a404f26a5,D,P,E
614f30ce-d2bf-4779-8117-fa036deadf9b,P,D,D,P,P,E
646820cc-c504-4bf4-9d03-3b75c90d882c,D,P,D,E
6a2e2595-3451-44fa-ac95-176656eb518b,P,P,P,D,P,D,B,X,Y,R,U,E
732def47-1657-44b5-accb-7e0f71a5c79e,D,D,D,D,D,E
734082e6-ff43-4f50-afcc-f06f0abe8557,D,P,D,P,E
7abc2864-c302-478c-84af-d71c1d4b042a,D,R,D,R,D,R,D,R,D,E
7c22ee7b-d410-4cd7-b446-f00b692281fb,P,P,E
7e5a5f6e-4ea8-42f4-bea3-42320e722aad,P,D,D,E
84525add-88c7-4422-9416-9874cf8f253e,D,D,E
953a0d8d-23df-40f7-8f61-c504c7c51403,D,D,E
981e897f-6d45-4665-bbdb-a1722abe1922,P,D,E
a4ff4dcb-7da2-4d02-9dc1-1f697ac057bd,P,D,E
a5f18bf4-0c03-412e-9e06-77f218afa29f,D,D,E
b472207c-b8d0-4a2d-8ee2-e7c1c2ea606c,P,D,P,P,P,P,P,P,D,P,D,P,D,E
bb3c7f3e-4376-4c66-89f3-4270895510c2,P,D,R,P,E
c1977eae-25a7-4977-8407-913a0e23aa65,D,D,E
c51d7cf4-70a3-4ef2-b3c9-557bb4ba0508,D,P,E
de5d33b1-5aab-48be-a236-6831b68ca86b,P,D,P,D,P,D,P,D,P,D,E
de7062b4-3b10-4da2-9563-5b42a792419e,D,D,D,D,E
df460ffc-d3e6-45c3-b4ad-75c60ba9b417,P,D,P,E
e1f2931b-307b-4fa0-a563-094c32074265,D,D,E
e3583901-fb4c-4cff-92dd-7deda689621e,D,D,D,B,X,P,R,D,D,P,D,P,D,D,B,D,B,D,C,D,D,P,D,P,D,P,D,P,P,D,P,D,D,D,P,D,P,D,P,D,P,D,P,D,B,B,X,Y,E
e4d700de-aa3c-4e7c-bd72-8f0a299e25c8,H,P,D,D,D,B,B,B,X,E
e817be4d-4687-41df-bd19-1ed163a39389,H,P,E
eabcdcf4-dc02-4e06-8b9c-5bb8d29aa56c,P,D,E
f57cfbb6-6ae2-424e-8617-e070ce41e151,D,D,E
f9045dbc-39fe-47ce-85cb-cdd4804e8aea,D,D,D,P,E
f9d19f1f-f78e-411e-a703-b1f9fb374285,D,D,E
fc04b9bf-dc5c-4fce-80dc-345086ccee02,D,D,E
001fe1df-bf3a-4ddc-8b04-ac829d5e6b6b,H,C,E
027298cc-b64c-4e64-91b7-725fd4003b6f,D,D,D,E
04388abd-dab3-43c9-96b7-058182d556e0,P,D,E
0543d2fb-a7a7-4fb6-9962-16c9e1c3cc52,D,D,D,E
07481eb5-528c-4e38-86b6-ce7fb7c9b660,D,D,E
0bfd4606-6e49-4d88-ba8a-becd0ca9b848,P,D,P,E
10f997e9-ba83-432d-b3e6-f003b2868874,D,D,E
1620eee7-1e7e-48d6-abfc-82ae5c37860d,P,R,P,D,E
1bca7fab-2f9f-43e5-bdc8-bbb91b79a17f,P,D,P,H,P,D,P,E
1e3da7ea-565e-4474-96bc-76e60989bad1,D,D,D,E
2862dd84-a640-4d43-b667-25bcb493d24a,D,P,P,D,D,E
288ce4b8-4bdd-4bd7-bb71-2d24539bd500,P,D,P,P,P,P,D,P,D,C,E
330b5958-6d51-43f4-890f-23593db61ddf,P,D,D,D,P,P,D,D,C,B,X,R,X,E
381b5473-0448-4c17-8d16-fde7e5a20fcc,D,D,D,E
39350c2b-67d0-4418-954f-1eef7c6b4223,D,D,D,D,E
40d18e95-9cd9-482e-acd5-c404e9c32f40,D,D,E
4928fe44-2d7f-4057-923e-4ee720b0a353,D,R,D,X,B,E
4a8e5fb5-1961-4ab0-8f58-7c38dfc597f9,P,I,H,P,P,P,D,P,D,E
508569cc-c65e-42cb-af36-1f379710eeac,P,D,P,D,D,P,E
5465e755-4ff0-4931-80ab-7203e00924e0,D,P,D,P,E
58640353-0bac-4caa-b7bd-cdfbff6f35c2,D,P,D,R,D,D,E
59ab714e-e6fd-4975-82fc-aa1c48be8c01,H,P,P,D,D,P,P,X,Y,E
6053bc83-fd3e-4b09-b129-b28d4d5a24f6,D,D,P,D,P,E
61dec1ca-c607-491c-8974-be30471e09ce,P,P,D,R,P,D,P,P,P,D,P,P,P,P,D,B,P,H,C,D,B,B,I,P,I,I,X,Y,E
645ae389-6038-409e-84ec-079ec1f6ea1e,D,D,E
64c3febd-1287-43ea-9488-fcdf47edb8ad,D,D,E
77f22b2a-67c7-4abd-a4d3-5ee62480a0ef,P,R,P,E
78969393-09e2-46a3-940d-0fd13ccecbba,P,D,E
7c34d282-c798-4433-9286-24404694907c,P,D,E
8c6de305-5dc0-443e-b4a2-6719029b1d6f,P,D,D,E
8f24178d-b45d-4f1a-99b4-749a586138a9,P,D,D,D,P,D,R,D,E
8f2b974b-ded7-4483-b087-e3bd89c93b10,D,D,E
9699113a-12cf-47f1-b1d5-341168354050,D,R,D,E
9c135d47-2516-46c0-b24b-665c980b24c8,P,D,D,D,D,E
a1698d61-ac86-4019-8c7c-99e37724ffe5,D,D,D,D,E
aba2b832-a2ee-4929-8b8f-b34d8a371a49,D,D,X,Y,P,E
b604a2a2-d09b-40b4-97dd-7152f5f71a10,P,D,P,E
b84eb13c-4cc8-407c-8875-23cefd949c24,D,P,P,P,P,D,P,D,D,P,H,E
bb5910af-386d-4b9c-ac76-6d808dad0a3c,P,P,P,P,D,H,P,P,P,C,D,B,H,X,P,A,C,C,C,C,C,D,C,X,Y,P,P,A,P,H,R,C,E
bcb93b50-e0e7-4a5c-90c9-3f2a7c36ddf5,D,R,D,D,E
c13c8e80-70dc-4a32-89b8-8fb41ab7a3b8,D,P,D,E
c3cf1981-4989-4445-993a-688f0f616c2e,P,D,A,C,A,D,I,I,P,P,D,R,P,P,D,P,P,D,P,D,P,P,P,E
c6b54d1c-1b60-44a1-b80f-3486ef972ad6,H,P,D,D,B,X,Y,E
d2e0c1f7-9e11-489f-8d19-887bf5d95255,D,D,E
d4a084fb-5241-4069-b7c3-5d5a800d813c,P,D,U,L,P,S,S,P,D,D,E
d7708607-a448-4ee7-a96f-e1b4a3788ef2,I,R,D,P,P,D,U,U,U,A,C,A,C,A,C,A,C,B,P,P,C,P,P,P,X,Y,E
e1d2ad7a-9bab-4e84-b1d1-f9211daf30c5,P,I,I,I,I,I,E
e4824fa1-de11-4372-9986-c4823751a4a2,H,P,E
e4ddd503-2e04-43a3-bf83-37fe0a0affe8,P,D,D,B,D,P,D,B,B,X,B,P,E
e6926c9c-4358-4676-9f48-f1a1362f6353,D,D,P,R,P,E
e69c8e82-5706-475d-8ca3-fcd0003b5234,P,D,P,D,P,P,E
e7a0fb12-feb6-4572-ad42-5cdac6f8a1ea,D,D,D,E
f16275a0-ac50-4165-b379-fa26baae185a,P,P,D,P,P,D,E
f338f809-2f3c-4745-9c19-68be5955baab,C,C,C,C,E
f89ddfdc-5628-4726-93c4-6afe913009f9,D,D,E
fbf4ccd0-02e5-401e-86a4-f7d58907a124,P,D,P,D,A,C,E
00027072-9c1f-4593-afa9-a8ee8a4233fb,P,P,D,D,D,D,D,D,D,D,E
0e1bbd21-9a96-4d0c-abee-77440656403c,I,I,I,I,P,D,E
109e868a-d381-4b52-b10d-b6d911442bd1,H,R,P,R,P,E
1611cc05-b0eb-493d-b548-f118a3743fba,D,D,E
17de64c5-bf25-4fe5-885d-42c28f8db078,P,D,P,P,P,D,P,P,D,D,D,B,X,Y,E
1b8ed508-76a8-4874-82b9-aa7b74d6e43c,H,P,R,I,P,H,E
1c854d74-bad2-4b9d-b3b4-1db6a8d2da6c,D,R,D,R,D,E
1de34904-7bed-4b2d-bc7a-06b422bf2738,H,P,D,C,X,D,D,P,D,E
1f3c935c-80f0-46a6-ab49-88fd77bfec15,P,A,C,P,D,B,X,Y,E
2445866f-db47-4fdf-bc3a-f88fe7cdebe6,P,D,P,P,E
24e2e1fb-da4b-48ad-90bf-4273b9fb8e55,P,D,E
2bf7c313-be19-4f02-917c-870edbb32e7b,D,D,E
2dd75eb4-0270-4b7b-a21b-1380acb39962,D,D,E
2eb9ce5f-dfa3-4006-8986-1d49d5cf1e2e,D,D,D,D,E
32d94161-5f24-43c3-9255-eac772296509,H,P,P,P,D,E
372271f2-4dc3-4d84-9132-c155349bc106,H,S,E
38f0f2f4-6ca6-41e8-9886-f84792fe145c,P,D,E
3a8c943e-5cb2-4ae5-939b-ee5bbc3c92a5,D,D,E
4d7c800f-4ebd-4e0d-8eac-2c10f49300d0,P,D,P,P,D,P,D,D,P,D,D,P,D,P,D,B,B,H,P,D,P,P,R,D,D,D,D,D,D,D,D,B,X,B,B,E
4e641c2d-7643-402c-b1dc-78c77eaa3e29,P,D,B,X,P,P,D,C,D,D,D,D,B,B,X,P,R,D,E
5314e4da-6ee3-4590-8c03-660e28724f31,D,D,E
57aa867c-60bc-4f65-9f36-625ca61abc39,P,D,E
58acfe59-17f2-4531-a54e-4fc75c6cbd3c,P,B,D,P,E
6062544f-fe6a-4bd5-bbc8-7c22c08c911a,D,R,D,E
640142db-91ff-4eb2-8383-4fb8a9819568,D,D,E
658db017-6052-4ea2-93e1-d4199c12cd4b,D,D,E
6600ee5d-0a81-46ab-af65-d141eb209876,P,P,D,X,E
674df32b-5b80-4404-9b2f-7e0ab91d5975,H,P,P,E
6b407234-25c4-4a93-beae-3dbab060a1b9,D,D,E
6cc37efd-e678-4201-b1ac-512134f13e96,H,P,P,D,P,D,R,D,E
6e2d2703-ef39-4979-8460-f9860dcb0ea0,I,H,E
7032708a-5ec9-4917-b576-b027a751546b,D,D,E
75e41511-607e-47ae-a217-d22d6951f07b,D,R,D,E
7daeb2dc-a40b-4d58-84db-f673e0437dff,H,I,E
8372d67d-407a-45b7-a7e9-348ac1741370,P,D,E
85f5ece1-3a8e-486b-81a5-df68e4cf15a5,P,D,E
869327a7-b2cf-4c0b-bba1-1ae2171851ac,D,D,D,E
879a46b4-6f4b-4621-ae57-ee72e20936bf,P,R,P,E
880531a9-054e-4e48-a37b-641554239b68,D,D,D,D,E
8eb48d6e-e7d6-49dc-8717-8ee165c91765,P,D,P,P,E
8f012d6d-dcd4-4b6d-b67c-8163a116ecf3,D,B,X,E
93dccceb-e817-4be2-b4ae-7cc0da49ee67,P,P,D,P,P,E
93e317db-6511-4cb7-b572-f7da020b700b,D,D,D,D,E
99dac0d3-1c15-4c17-add9-1b1f7af1f1f2,D,D,E
a0a9e1ea-a5ad-4c29-b7da-c6ba65fc8da8,D,D,E
adc729e4-f1ed-4f93-90e6-f69e8f0d49e8,D,P,D,E
ae2e3bfa-0108-44fc-9f94-c568ad372cf3,P,D,E
b45c971c-f646-4964-84e9-6e5254d50005,D,D,D,E
bdd229d0-595a-4d53-8cc6-d6e193be19da,H,I,E
c6146951-35e9-4f0e-a6de-867d37431693,P,P,D,E
c97ba991-15d7-43a0-928c-d2699d8c6eec,P,D,E
cac367bb-992e-4cdd-af1e-6dd24fa39410,P,D,R,D,E
d0437899-7688-41ac-af76-f513d074d011,U,R,U,E
d3360859-32e8-4c2e-bf7f-d287265ad566,I,I,H,I,E
d3f8ff00-90be-416e-9cfa-145bd033b766,D,P,E
d5b6542d-853f-408c-b392-8db9292d8fc8,P,D,P,E
d5d510bf-e865-46cb-b00a-879fc1089a60,D,D,E
daff91d3-d01c-4cbf-8ef3-eedc1d44e80a,P,D,P,E
e3e8df64-d3df-4caa-b416-a5bcf5f0040f,D,P,E
eb544858-68bc-4cf3-a314-41b9d874c2a9,D,D,E
f07f4384-a37a-4124-8732-e42db65d1eef,D,D,B,X,Y,E
f580f7cc-c0a4-4968-bbb1-10b5914a45e4,D,D,E
f6dec948-127c-4c98-b87a-6315f9f1f02f,C,D,E
fa49eb5e-385a-4b1d-b7d5-e8dca957863e,H,P,D,P,D,P,P,R,P,D,P,E
fcb6d537-4f1a-478d-a520-e956050ed22d,P,P,P,P,E
006cd478-069b-4b0f-a13d-c2a0c8b88b11,D,D,D,E
0a511f8c-de10-404a-91ee-802cc72ce66c,I,I,P,D,B,X,E
13f84e50-90fd-4a29-8507-fe51830c22f8,D,P,D,E
168d1f42-ab1b-4339-a6ea-9b8b134e4e6d,P,D,E
1bcb60b1-5e0d-4126-b313-9b96281bc38b,D,H,P,D,P,D,P,D,P,P,E
1fd5d0ae-bb66-4dd6-90aa-0a890a057d12,D,D,E
205bac6c-1848-4362-b7ff-0c61c6a99ef3,P,D,E
20fca0cb-1498-4dbb-a997-1632d060266d,D,D,E
212d67ef-e2c8-4488-a6ab-4d1f1a4f2620,D,D,E
23a7003a-acd8-453d-abf0-240c6fd25eda,D,D,E
371b2d85-c42b-4d4e-b462-294ede75b0af,D,H,P,P,E
4768dbad-a8a1-4c02-bae7-47bb53b34502,P,P,P,R,P,E
487606c8-bc7c-4111-b7a6-83a88dcf8ac2,P,D,P,D,D,D,P,D,P,R,D,B,X,Y,R,P,D,P,D,P,E
58a34d83-2236-41b8-8aa4-56029d040ac4,D,P,D,D,P,D,E
5f2deead-d2c9-4333-9f1d-d37fb2b18bbf,P,P,D,P,D,P,D,P,D,E
65922541-e8d8-4f45-a1fa-c9ce7490f24c,P,D,E
6d9eacb7-4486-410c-ae6f-930a65809927,D,R,D,R,D,R,D,E
7827740a-d866-4786-91a5-f0a1bbefbb4f,D,D,E
830bb89c-4913-4bed-b2c2-17dc4bcc804d,D,D,E
83b094cf-2944-4083-9861-450ee9d69d94,D,D,E
84061746-eb75-4714-8ff1-030899029174,D,D,E
84e154aa-5959-4b7c-8883-4bf7f6801d6b,H,P,P,E
88be82c4-99c2-43ee-a296-f63724a9c2fe,D,D,D,D,E
8cb8b476-9f04-4a7a-a3c5-c57a034133aa,D,D,E
8fe9ef72-9f61-49b6-a70c-9c1ec2df4273,H,P,P,P,P,D,D,D,E
959cb3bd-dd9a-44eb-880d-bd39de153fd8,H,P,P,D,P,E
96259d73-fef4-417e-a988-09792494126f,P,P,P,D,P,E
9735487a-0774-4d1c-a1e5-24f1be862206,D,P,P,P,D,P,E
9c453deb-7c06-41df-83cb-ab7ea66c13af,P,D,P,D,P,D,P,E
bced293a-146a-4c13-b148-b6b40c5885bc,H,P,H,E
bdc3be29-7e90-4204-b635-ed705e899296,D,D,E
be765421-6a9a-42e0-9e60-03c407081562,D,D,D,E
c43793e7-cf08-4888-86fc-852be9f65693,P,P,P,D,P,D,P,D,C,E
c64d7af4-9b2f-44ed-98fc-ae9402071d7c,D,D,D,E
c8edc830-7523-4436-a5e2-cfd8ee7d2f14,P,P,D,P,D,P,D,P,D,P,D,P,D,P,D,P,D,P,D,P,E
cc25a3d5-a06c-4d4c-81e5-8d7aed9d3645,D,A,E
d2da08c8-7315-4d60-bb47-4af057e60d77,D,P,E
d967e5c5-4c51-47f2-b334-de69426ad92f,D,D,D,D,D,E
dc190430-f70c-4818-b701-89294599b7b2,D,D,E
e0c2a03b-a66d-43b1-b60c-1ab3763e045b,P,D,D,P,D,D,P,E
e43ae0cc-c5f0-435a-94ff-90a17a5f014a,H,I,I,E
f2d8d0b3-2353-4ca0-bf03-228004788a8c,D,D,E
fc1cd353-12c5-431b-91dd-db1ec6590458,D,D,D,E
0a3b7414-4041-4942-85c8-782b0578cfc2,U,L,E
0b2bf018-8b62-4a4e-9709-ada629aee5e8,P,D,P,U,L,U,L,E
0e07d402-f0bc-4322-b36f-c98c5d0b3813,H,P,P,D,P,D,E
13544cd9-54ca-42c0-905f-db94edc45291,H,U,I,I,E
169f3677-e388-4ed4-a844-32472589e3c1,P,D,P,P,P,R,P,D,E
19ff86e7-1b09-4533-99b9-90ff79b83bd6,P,D,P,D,D,D,P,D,D,D,P,D,P,D,B,X,B,P,D,X,Y,X,R,U,E
1e88dd07-bc05-461e-95fe-dc2952355017,P,D,C,E
20049c03-8c5b-4096-88ce-e10a01bd9616,D,P,E
20fda59e-b8bf-45ab-bc11-7455fe0e0086,D,D,E
2397e6c3-4565-498c-8614-384369a463a4,D,P,D,E
24eb3d40-d7bd-40b8-a9ea-53b9137dae97,D,B,X,E
2e2089db-7d69-4842-a795-77a24520df4c,D,D,E
2e696f91-c5fd-438e-8ecb-707c08c363d7,D,D,E
3358b497-2399-43c9-a512-eecedb81ec7d,H,C,H,P,D,P,P,D,P,H,S,S,P,D,P,P,E
37540764-f98c-4593-8935-ddf13abca2c7,D,D,E
38a3952c-57b4-4f29-b133-c522933cd8c0,P,D,E
3e4008da-27af-4fb0-8c7d-c649638ff92d,D,D,E
48585ca4-8974-4ed7-99c3-6873152e4b64,D,D,D,E
48bfe39b-5e1c-4126-809f-0e577463cfa0,P,D,P,D,D,D,P,D,D,D,P,D,P,P,P,I,E
4a16b3bc-3ebe-458b-b776-61227f4883bf,D,P,D,R,H,P,D,E
4bc7ff7c-dd10-42a2-8ea2-1127f5dba32b,P,D,D,E
4c6cf3e5-d3cf-46ec-b52f-d2d948e004fc,P,D,P,E
53eef577-a01a-48c4-a938-d561fcf92e90,Y,P,U,U,H,I,U,U,U,U,E
553cc937-a9e2-4799-84c1-fbabecfcf088,P,D,P,P,E
5ce65a56-39b0-4c13-8e42-4eebff69b5b0,D,P,E
5e439da7-af05-4eb6-8dd2-9a9c231117a5,H,P,D,D,D,P,H,P,H,P,D,P,H,P,D,D,D,P,D,P,H,P,D,D,C,P,P,C,D,D,B,B,X,Y,E
678dedd0-655b-47ae-a91d-a35ced2128ae,D,D,D,D,E
6aa563ff-2f06-4039-9496-d9e3ebec85d8,D,P,P,D,C,D,D,E
6b3a9c97-77b4-424c-8c15-3c77764df016,D,D,E
6eb275d0-9416-4342-88dd-912c0293c02d,D,D,X,E
6f2ef5d3-0339-49a9-add0-3c0c7002569b,D,D,E
73cc09e0-81ee-42f9-9137-8e69f850513f,D,D,D,E
74bbab14-34e5-47ce-a5b3-7c2d8ef58c33,D,D,E
7b3dac8d-a63f-4ee6-90a6-5902edc47c7d,D,R,D,D,R,B,B,P,B,P,D,C,D,B,B,B,X,Y,H,U,R,U,E
7bcda98c-4552-47d9-875e-c8bf8a778612,D,D,E
88e2484c-d56c-4bf8-ae53-0dd7743c6b8a,D,P,D,E
8ff27f96-c9c9-445e-ae59-006b40427cea,D,D,E
9005b6d9-3478-431d-b6af-3ffb82faf1e2,D,D,E
955f8f8a-76d4-4377-b447-ad75645b8948,P,D,R,D,P,I,P,I,I,P,D,P,D,P,D,D,D,P,D,P,D,P,D,R,D,E
97d9137f-a24e-47a9-a37a-344fbc65a74e,P,H,U,U,U,U,U,E
98808829-22e8-4f0a-997d-fd66be15ce52,D,P,E
a3ec1950-c664-4565-9da4-f8195da4990d,D,D,E
a43bb63a-c3cf-47d9-9b41-f261cdc6d42f,P,D,P,D,P,E
a5fdb479-f800-4b1c-95fa-dcaa810fb056,P,D,P,D,P,D,P,P,P,D,E
b17b21bf-0dab-4e0f-a606-530b56ae3cc6,D,D,D,D,E
b4406bb7-8fcc-4201-8fe3-8a560582d8a3,D,D,E
b4ef6f0a-e10f-4b7e-a5dd-a24fe530acb0,U,U,H,R,U,U,H,E
b782fa83-f26c-4e8c-a7ec-8d29822e65cd,P,D,E
bc572299-776d-47cc-aff7-6a31a98d4eb3,P,P,E
c06848eb-8350-4bab-aeda-daeea8879aec,D,D,E
c7526e2b-d945-4b06-a505-c09e62c97a4f,P,P,E
ca9ff5ab-890a-4c8c-bfdd-0abbb52d75cd,D,P,D,D,I,D,D,D,X,Y,E
ce106824-891b-43fd-80b9-cbe829507fd3,D,D,E
d40cfb6f-0bc9-478f-8d07-a6008638b6ca,P,P,E
d48950b1-34a0-45d6-8728-789c1ecc9fc5,P,D,P,D,P,D,D,D,P,D,E
d91166de-1838-4378-9c5c-b04634145153,D,D,D,B,X,E
dd28f0b5-3ca1-4f9c-874c-4109b1bfbcba,D,D,D,E
de783905-f19b-4a32-9b88-dec2b9427731,D,D,D,E
ea5d5df2-6457-40bb-9f0b-0ff48786dbf2,H,P,P,D,P,E
f2497d08-4a36-4bed-af65-9612a025f404,H,P,P,P,A,P,H,C,C,D,C,D,E
f26e78bb-a356-49b8-af17-3d1b52e24b84,U,U,U,U,U,E
f4df7a46-cde6-47d8-9fe7-abd0f15fe09d,D,B,X,E
f6259899-0032-4d88-aa3d-d7e946a83195,D,D,E
f847404b-c526-4bfd-acbd-fd6b0bc1ed3f,D,R,D,R,D,E
16ef57ea-652a-4ecd-a9a5-56f770feda5e,D,D,E
19feeff3-eedd-4b3d-b459-6b94309416d8,P,D,D,P,E
1e84b0d8-c238-4f33-ba1f-cfd4163b53c5,H,P,E
1f7adbf1-284f-45ed-8d52-09d86da7c2a6,H,P,P,D,P,D,D,D,D,D,C,P,D,E
24403c05-24a4-4e11-8486-d7a241e707fa,D,D,E
309ebfe3-1e39-4f31-9a3c-2ce95871e253,D,D,D,E
30c9a99f-a8ad-4a38-9a2f-80ae72c0412b,D,D,D,E
32f1a3b3-e091-4db1-ac06-673bd415005e,P,D,P,E
3d577e8e-8e4d-42a0-9e3b-61f90c72f76a,U,P,D,D,D,X,Y,E
3e597de7-8262-4ca6-8b22-38b3231fb422,P,D,P,P,D,P,D,D,R,P,P,P,D,B,X,P,D,P,D,D,I,I,P,P,D,P,D,R,D,D,D,E
49488383-dc07-4f62-a8e9-9580db034946,D,D,D,E
4ff1a902-60bd-47e6-9d06-fcf1e53885a5,D,D,E
52928afe-c52c-47bb-aa3a-f728db38f1ca,D,B,D,E
559c95cb-d0e8-4441-9844-7d848a571200,H,R,H,E
64e9b549-9c19-4ced-b67b-5a32071c6856,D,D,D,E
6d257dfb-e599-4f2b-b293-298a1d0e4dc4,P,D,E
71aea07a-c9a9-46d8-91bf-d38923e00c2b,H,P,P,D,D,D,P,D,C,H,P,H,P,D,H,P,P,P,P,P,D,P,P,P,D,D,P,P,P,P,P,E
7ffe99b2-197e-4cb8-a243-f4f0e5be57d6,P,D,P,E
8494944c-eada-4faa-a58d-91407b16df28,D,D,E
8985cd20-62ac-42ce-9313-f667ec2f59ae,P,D,P,D,P,A,P,P,P,P,P,A,P,P,P,P,P,E
8d947d35-088b-4368-95b5-4a32ff22f9a7,P,P,D,P,P,D,E
8de95e91-096d-4397-8414-8e4a8dccc00a,D,D,D,D,E
9546dd6b-f8c6-4c0b-aae9-31691bcd82d2,D,D,E
9f773958-e82a-44f9-a07b-bce8bb233386,D,D,E
a5afd53d-d0ff-4b8c-953f-7f8de2a7f6c3,P,D,P,D,D,B,X,H,C,H,E
a5b14efe-04fb-4fe6-b111-200cfd28318a,D,D,E
b265d7fc-43ec-466d-b7c4-db624b1343ca,P,I,I,I,I,E
b6439980-a3dc-499c-820d-0e6afac141d6,D,D,D,D,D,E
d80a721e-88f1-4be2-a01c-f99e509dd1a9,D,H,D,E
df5f77db-55bf-44f8-8993-c1f65f43392b,P,D,P,D,B,B,B,B,P,B,B,D,P,D,D,B,X,Y,E
eacf1baa-07a5-4f73-b720-b7072c62ced5,P,D,P,E
eef5f4d5-d390-4c16-8edd-e4c0f5c9a4d5,C,D,E
f9dfdec4-68fc-4626-acff-46e1de457c13,P,D,P,D,D,D,P,E
fda3ccb3-5de5-4008-b218-0333814bdc46,D,D,E
ff52f725-5da2-41f4-abb6-d5c081621d66,D,P,E
16d6169a-eb4e-4473-af1c-d2ad88d3eece,P,D,E
170e45f5-7586-49d4-bf12-ae4dae48b70e,H,P,D,E
1f31ef0b-7309-4ba7-b52b-bd2b4cc1ac71,D,D,E
2016172b-00ca-490e-9db8-cbebaafbbc1e,D,R,D,E
21ced69b-3aad-4da6-a876-4f3794bea2e5,P,D,P,P,D,P,D,P,E
2dc7ca5a-d1de-4824-9c3f-c1fd5529e10b,D,D,E
3a4e12f7-9dbb-4c99-8f28-2fc77f562c64,P,P,D,P,P,E
3bf9330a-5e97-44c9-9b1e-cafeee74fc46,D,D,E
471e7d0d-757d-4d15-8cec-b7338bfb5822,P,D,P,D,P,D,P,D,P,D,P,D,P,E
54f68dfc-335a-4f89-8a53-854b2d771fd7,P,D,P,D,E
57f26759-57bd-4b36-b8ae-f53c47567e10,D,D,E
58e971f9-19f7-4bc8-87ef-9d946bdb540b,D,D,E
5df1e833-4af3-4dc9-9ad3-27b5262ebb6b,D,D,E
6586854b-f494-407c-8d75-02e58490b1d7,D,D,D,E
729b0253-97bd-407e-9763-272b319f6d3b,P,D,P,D,D,D,P,E
78bd0f63-85eb-4a09-be44-bcde30546d0a,D,D,E
7b8da5f7-8eb9-4051-8752-be425786af43,P,D,P,D,U,P,D,P,D,B,D,X,Y,E
7f337fed-2595-45e7-bee0-6a4de4dac393,P,D,B,D,D,P,E
806ea1d3-3bc6-42cd-8533-5acb716b29d0,P,D,P,D,P,P,P,P,D,P,D,B,X,P,I,I,P,D,P,A,B,P,H,D,B,B,X,I,I,X,R,I,B,X,E
809bc672-aafd-41af-9193-46f3ec882f6c,D,D,E
8103758e-5321-41a2-8dc5-135ab72b2a5f,D,P,D,E
8458a82b-be3f-4871-8e46-3c02ab4bb82b,D,D,D,D,D,D,D,D,P,P,D,E
95ec4661-a024-4616-9c12-f62575df6662,H,P,E
9ba68ab3-80ea-43d5-8ad9-22182a4f04a6,P,P,P,P,P,D,D,I,D,E
a195544b-4872-4dcd-8f12-c9ab3b0db841,P,D,P,D,B,X,H,P,P,P,P,E
a3f5acbb-5394-4bb6-9423-8f59e8e4f7fd,D,D,E
a5b100ca-6f12-4f3c-aac3-76bf52a6590f,P,D,P,D,P,E
a731f9fa-ba4c-457f-9467-3433d0f36721,P,D,P,E
a817b8f5-42ba-4c44-be6d-40cb842751e9,P,P,D,P,D,P,P,E
a8c586a5-6a20-4efa-9a9b-8721926654b6,D,D,E
ae24a7ea-2810-401e-bf0c-05de60463b67,D,D,E
b173c972-75de-45e3-aeca-783c28d85901,D,R,D,E
b26a3ac0-a5ac-4e24-85a0-b6cd799723d3,P,P,D,B,X,E
b285b71b-c316-4653-8c0a-fd02510c4f7a,D,D,E
b35f1752-9607-4dda-8f06-09797fbdd863,H,P,D,E
b461da71-05bc-4b3a-8cb5-607cebc51aed,D,D,E
b96e3e6f-a680-4e18-8ee2-bcbd04f953cb,P,D,B,X,P,D,P,E
be4710c7-b93a-4571-81a4-452703780178,D,D,D,D,D,D,E
bfd94e19-2cec-49b8-a61c-dc164dc67ff9,P,P,P,E
c0b0d908-3916-4c11-86d2-3dbe52137c32,D,D,E
c78eb838-5ee7-44cb-934d-487eae316028,D,P,E
d323d96a-66b7-4ece-860b-38e129e79e80,H,P,D,P,H,E
d8606ad7-33df-4a48-bf77-66d48d760b76,D,R,D,E
dfc052c8-1415-4605-a4f1-90328bb3a4de,I,D,D,H,U,L,I,D,D,I,I,E
e94bac5a-9d30-4ae7-bf7b-d499c4e21d5c,D,P,D,E
ea709f26-7d40-4ec8-800e-3432a2a570e2,D,B,X,E
eaec841b-6d6d-4be1-bac4-7a16692a1462,P,D,E
f4a42cf1-6924-4419-ac61-ddab631285e9,I,R,I,E
f7e9ba61-41ec-4eca-a49b-d8b0acf4fa9c,P,D,D,E
f8b3a464-95e5-46f9-9f3a-843f2c211a27,D,D,E
fd599e26-042b-403e-ad45-20b6f9af857d,D,P,D,E
0499ba1b-1f66-4467-987f-527fe69824c0,P,D,D,D,P,D,I,E
0c484ae2-8c78-41ec-9896-dcc317e928fc,H,P,D,P,D,D,D,E
129c9d28-7786-4fe0-a380-4bd2f8774783,P,D,D,D,P,E
15e56552-268b-4229-a9f6-1ebf782cf00b,P,P,E
31482a1f-024d-436a-a3dc-69c70a9528bc,D,D,E
3301396a-ff7b-4877-bdab-912272f0a0d7,D,D,D,D,D,D,D,E
334e30aa-4a7f-4ba1-b3f4-3d0eba75e6b7,D,D,E
3c56afc1-d83f-4a2d-907e-cfe6d973b287,H,P,P,R,P,P,E
4958b84b-5007-481a-b478-6acfe9e3716c,D,D,E
4c08e01e-1196-49af-97c8-3c711772f384,D,D,E
52c1a9ca-7a7a-46ff-a468-a7445909e288,D,D,E
5ecd861d-0878-426d-a8f4-c873ab92e94a,D,D,D,E
619f487d-b708-4325-8344-e80de1629943,D,C,D,C,D,E
63c1723a-fd12-402f-8729-12da82766e6b,D,D,D,E
653d74b5-6221-4fe9-a89a-76d155405e04,D,D,E
65c5f837-679c-4d0a-bb51-ea8c634adc4e,P,D,E
6bf08163-0efa-4c20-8168-06ee15bcb4b0,P,D,D,E
70311166-7563-41cd-b965-321cb40258c9,D,P,P,E
94665311-9dd2-40d1-a327-2492ab9075f2,D,P,P,P,D,E
95acdc4d-0245-464c-a070-bbc6df1f5609,D,D,E
95f2a87a-cf6a-4b7c-ac58-228fd4509a7c,D,B,X,B,D,B,E
9b8cd1bb-6dd8-4b5c-9afc-41c63b522022,D,D,D,E
9bf8b2d1-15d4-4e3d-a3fa-5af54ea36ecc,D,D,P,D,E
9d185428-e1e7-4a10-af02-093964b73b35,H,D,P,D,E
b076833d-1d67-48da-a503-146ac1b4eb7f,P,P,P,D,D,D,P,E
b4e46216-0ddd-46d4-9d1a-0c3d4428ec52,D,D,E
baf4ff72-4884-4654-a9ca-c14a6d9ec0a5,P,D,P,P,D,E
c28036b6-3b31-44b1-b8cc-835c0d98f192,D,D,E
c5be12b8-2e0b-4a1b-bff2-159725b6068a,P,D,P,D,P,D,D,D,P,D,P,D,P,D,P,D,P,E
d43bbfa7-8c0c-4437-9061-f0122d8a68ec,P,I,E
dc5e5e94-1373-4788-b3b9-e6183399b038,D,D,E
dcaed051-00ab-4190-aa29-f750c3610ef0,P,D,P,D,H,E
e676c4a8-e29d-4d8f-8eaa-463c4311d08d,P,D,D,B,X,Y,E
f888d820-7d87-48df-b64c-fc29ffb2ae78,C,D,C,D,D,D,C,D,C,P,E
f954b08d-6083-440b-aed4-da93ba9c1818,P,P,E
0677fa8d-ce03-4408-beb2-7e62f906b387,D,D,E
1180b320-adc8-43a4-94cb-bbf94a1d9fa5,H,P,D,P,D,P,H,E
1470c02a-b2f6-4a1a-b072-4d7d9f9e1449,D,P,P,H,P,D,R,D,E
17841195-2f32-4ea0-aa0e-676e00038c60,P,P,D,P,D,P,D,P,C,D,B,X,P,E
1f296311-4ff2-45ed-b1f5-fc4b4e391ee2,P,D,P,H,P,D,P,D,P,H,P,D,E
2542190b-c88d-42cb-bfbf-03fdadc776eb,P,P,D,P,P,P,D,P,R,P,P,D,P,D,P,D,P,D,P,E
293e7da2-acd1-46cb-91a0-f30393079fc4,D,D,E
2efb1c48-c5b7-4a5a-baff-8c973abc8cdc,D,H,P,P,H,C,D,D,E
31038f28-eb4f-44bc-b680-8dc249fb3843,D,D,D,E
33620ae9-1512-43c6-a682-62663400f9b7,H,P,P,D,E
3397588c-6e76-4a06-8aa9-aceca9cf11a5,D,D,P,D,R,D,B,X,E
3986e570-0c87-4f64-9906-c5608aabbf77,D,D,P,P,C,E
3b968348-a502-45ee-8b13-2e5c9e51fb1b,Y,P,U,L,U,P,Y,U,U,U,U,H,S,I,U,U,U,I,I,P,I,I,E
49d43e61-007b-453d-95ec-0ea023a3b1c9,P,D,E
4b450c88-dc11-419a-ae49-8432b087e04e,B,B,E
52943280-bcd2-4a09-a428-fef37ac51cd7,D,D,E
57a4ef49-f191-455e-8ad4-d40c181b1520,D,D,D,D,E
57f12604-36d2-4998-96f1-8841a8fee42e,H,I,C,U,L,H,U,E
59867365-2133-4e19-8c2e-569017e1d8b0,P,D,P,D,D,C,A,C,C,D,C,C,D,E
5e2ce951-4cbc-480d-b433-412b6e7b6c73,I,D,I,E
65762b75-e9dd-4501-bf12-670c2d73ad01,P,D,P,D,P,D,P,E
66230dfe-8852-40d6-8e68-dfdb1700e891,P,D,B,X,Y,E
66ba66be-f359-40f4-a3fc-bd5c8b4a9aec,Y,Y,E
71862114-1f11-4c75-9aa6-fdd448ec6d54,D,D,E
719595f8-91a5-4568-b4b2-76f52afbabe8,I,P,P,C,I,I,E
72267ed8-cd11-427c-b686-9788a233f9ac,P,P,P,E
79556933-a785-40fc-bfc2-8860af1d3c54,P,D,E
7a9931ab-a196-414e-84db-f231de0dc0b6,D,D,E
808d2ed6-1a36-41ef-aacb-e0f304ec3f5c,D,D,E
80932c3a-a8b0-4f0d-8a0a-74ec652eb237,H,P,P,D,P,D,B,X,Y,E
80e039f6-a6d0-4722-8162-5aecf0809cfb,H,I,P,P,D,P,P,P,P,D,H,P,P,D,E
8534e9d3-76c2-4af0-a811-2304bbd42a55,D,D,D,D,D,D,D,D,D,D,P,P,H,H,C,C,D,D,D,D,B,B,B,B,E
88499028-5c08-4dbb-b9f2-9fc7f8cab426,H,P,P,P,D,P,E
8ce24fce-458f-4372-a2e7-0639155331de,D,D,P,E
9052b67e-9eb0-4dd8-959b-0dce34842a2a,C,P,P,D,P,P,E
9625cae6-820a-4381-a448-5697be86abae,P,D,P,D,P,D,B,D,B,B,H,P,D,B,X,Y,E
995f3f45-145a-4f6c-b309-01377d8082c8,P,D,P,E
a27aae03-a7bc-4cf0-8be4-e957a5a27b35,P,P,D,E
ac3b88f8-a8b3-42f5-b6e4-54f48e43d69a,D,D,D,D,E
b051952b-2e2f-4319-922e-a6ead4939ee0,D,D,E
b145a553-46a4-4f37-b5d7-76f29dbeb4ea,D,D,E
b25d4697-36d8-4d1c-8b64-482ff1d9d897,P,D,D,P,D,D,D,P,E
b4615d16-1e8b-4e32-b6c6-ae07d94e32eb,P,D,P,D,E
b811d67f-9b53-4d9e-9e6d-f0e4978c0c02,C,R,P,D,P,D,B,X,E
b841ac61-01e4-4453-9618-afb18630c182,U,R,U,R,U,E
c1df8e5c-4b2f-4674-8cbf-96e93a8782ff,P,D,E
c4adfb68-66b9-4ed3-8d06-1f6bf7500077,P,D,H,P,D,P,D,B,X,Y,E
c6235103-1df6-4a84-acea-dff3d4ca8c40,P,P,D,C,D,R,P,E
c64a21d9-6a6e-4cb3-b96f-18af44c595bd,H,C,E
cacedb93-f4e4-49a9-bc54-5cbe5409e201,D,P,E
cf334eb7-e739-4cd6-aab4-a93c4a8614ad,D,H,E
db055996-933c-4893-8292-26ce7fd0e73e,P,P,R,D,P,D,P,E
ea5aea44-9cc5-499a-804c-7c95a0556a28,D,D,D,B,X,H,P,X,H,X,H,P,E
eb54cc05-830f-4b79-a3eb-2f97f3481a93,D,D,E
ecade0b6-1663-4d36-9faf-2fbe0b8b7f7e,D,D,E
efee3964-d3bd-4acd-afb1-60a2ebb25510,P,D,E
